SET
@ENTRY1 = 600400,
@ENTRY2 = 600500;

REPLACE INTO `creature_template` VALUES
 (@ENTRY2, '0', '0', '0', '0', '0', '31026', '0', '0', '0', 'Relentless Weapons', 'Vendor', '', '0', '88', '88', '3', '35', '35', '4225', '1', '1.14286', '0.75', '0', '1', '1', '1', '1', '1', '1', '1', '1', '258', '0', '8', '0', '0', '0', '0', '0', '1', '1', '1', '7', '4', '0', '0', '0', '0', '0', '0', '0', '0', '0', '0', '0', '0', '0', '0', '0', '0', '0', '0', '0', '0', '0', '', '0', '7', '1', '1', '1', '1', '0', '0', '0', '0', '0', '0', '0', '0', '1', '0', '0', '0', '1'),
 (@ENTRY1, '0', '0', '0', '0', '0', '31029', '0', '0', '0', 'Furious Weapons', 'Vendor', '', '0', '88', '88', '3', '35', '35', '4225', '1', '1.14286', '0.75', '0', '1', '1', '1', '1', '1', '1', '1', '1', '258', '0', '8', '0', '0', '0', '0', '0', '1', '1', '1', '7', '4', '0', '0', '0', '0', '0', '0', '0', '0', '0', '0', '0', '0', '0', '0', '0', '0', '0', '0', '0', '0', '0', '', '0', '7', '1', '1', '1', '1', '0', '0', '0', '0', '0', '0', '0', '0', '1', '0', '0', '0', '1');

REPLACE INTO `creature` VALUES
 ('15118900', '30885', '0', '1', '1', '0', '0', '-8774.54', '420.608', '103.921', '5.33007', '300', '0', '0', '5617', '7981', '0', '0', '0', '0'),
 ('15118901', '33937', '0', '1', '1', '0', '0', '-8772.75', '422.021', '103.921', '5.33007', '300', '0', '0', '8025', '0', '0', '0', '0', '0'),
 ('15118902', '33936', '0', '1', '1', '0', '0', '-8771.25', '423.057', '103.921', '5.33007', '300', '0', '0', '8025', '0', '0', '0', '0', '0'),
 ('15118903', '34095', '0', '1', '1', '0', '1', '-8779.11', '417.59', '105.101', '0.0993003', '300', '0', '0', '6986', '0', '0', '0', '0', '0'),
 ('15118904', '34095', '1', '1', '1', '0', '1', '1649.3', '-4220.5', '55.8989', '0.945569', '300', '0', '0', '6986', '0', '0', '0', '0', '0'),
 ('15118905', '33936', '1', '1', '1', '0', '0', '1652.82', '-4222.16', '55.919', '1.31471', '300', '0', '0', '8025', '0', '0', '0', '0', '0'),
 ('15118906', '33937', '1', '1', '1', '0', '0', '1646.69', '-4217.89', '55.9089', '0.556797', '300', '0', '0', '8025', '0', '0', '0', '0', '0'),
 ('15118907', '30885', '1', '1', '1', '0', '0', '1657.05', '-4221.74', '55.8907', '1.60924', '300', '0', '0', '5617', '7981', '0', '0', '0', '0');

REPLACE INTO npc_vendor (entry,item,ExtendedCost)VALUES
 (@ENTRY1,'45958','2237'),
 (@ENTRY1,'45937','2237'),
 (@ENTRY1,'45939','2237'),
 (@ENTRY1,'45948','2237'),
 (@ENTRY1,'45949','2237'),
 (@ENTRY1,'45950','2237'),
 (@ENTRY1,'45951','2237'),
 (@ENTRY1,'45952','2237'),
 (@ENTRY1,'45953','2237'),
 (@ENTRY1,'45954','2237'),
 (@ENTRY1,'45955','2237'),
 (@ENTRY1,'45956','2237'),
 (@ENTRY1,'45957','2237'),
 (@ENTRY1,'45938','2237'),
 (@ENTRY1,'45959','2237'),
 (@ENTRY1,'45960','2237'),
 (@ENTRY1,'45961','2237'),
 (@ENTRY1,'45962','2237'),
 (@ENTRY1,'45963','2237'),
 (@ENTRY1,'45964','2237'),
 (@ENTRY1,'45965','2237'),
 (@ENTRY1,'45966','2237'),
 (@ENTRY1,'45967','2237'),
 (@ENTRY1,'45968','2237'),
 (@ENTRY1,'45969','2237'),
 (@ENTRY1,'45970','2237'),
 (@ENTRY1,'45971','2237'),
 (@ENTRY1,'42451','2237'),
 (@ENTRY1,'42503','2237'),
 (@ENTRY1,'42514','2237'),
 (@ENTRY1,'42520','2237'),
 (@ENTRY1,'42526','2237'),
 (@ENTRY1,'42532','2237'),
 (@ENTRY1,'42538','2237'),
 (@ENTRY1,'42560','2237'),
 (@ENTRY1,'42565','2237'),
 (@ENTRY1,'42571','2237'),
 (@ENTRY2,'42527','2438'),
 (@ENTRY2,'42533','2438'),
 (@ENTRY2,'42539','2438'),
 (@ENTRY2,'49187','2438'),
 (@ENTRY2,'42561','2438'),
 (@ENTRY2,'42566','2438'),
 (@ENTRY2,'42572','2438'),
 (@ENTRY2,'48402','2438'),
 (@ENTRY2,'48438','2438'),
 (@ENTRY2,'48406','2438'),
 (@ENTRY2,'48408','2438'),
 (@ENTRY2,'48410','2438'),
 (@ENTRY2,'48412','2438'),
 (@ENTRY2,'48414','2438'),
 (@ENTRY2,'48420','2438'),
 (@ENTRY2,'48422','2438'),
 (@ENTRY2,'48424','2438'),
 (@ENTRY2,'48426','2438'),
 (@ENTRY2,'48428','2438'),
 (@ENTRY2,'48432','2438'),
 (@ENTRY2,'48435','2438'),
 (@ENTRY2,'48404','2438'),
 (@ENTRY2,'48440','2438'),
 (@ENTRY2,'48442','2438'),
 (@ENTRY2,'48444','2438'),
 (@ENTRY2,'48507','2438'),
 (@ENTRY2,'48509','2438'),
 (@ENTRY2,'48511','2438'),
 (@ENTRY2,'48513','2438'),
 (@ENTRY2,'48515','2438'),
 (@ENTRY2,'48517','2438'),
 (@ENTRY2,'48519','2438'),
 (@ENTRY2,'48521','2438'),
 (@ENTRY2,'48523','2438'),
 (@ENTRY2,'49191','2438');

REPLACE INTO creature VALUES
 ('15119323', @ENTRY1, '1', '1', '1', '0', '0', '1672.68', '-4205.15', '56.3813', '3.37322', '300', '0', '0', '1', '0', '0', '0', '0', '0'),
 ('15119324', @ENTRY2, '1', '1', '1', '0', '0', '1673.42', '-4208.38', '56.3829', '3.33395', '300', '0', '0', '1', '0', '0', '0', '0', '0'),
 ('15119325', @ENTRY2, '0', '1', '1', '0', '0', '-8777.29', '428.288', '105.233', '5.3395', '300', '0', '0', '1', '0', '0', '0', '0', '0'),
 ('15119326', @ENTRY1, '0', '1', '1', '0', '0', '-8784.55', '422.678', '105.275', '5.41198', '300', '0', '0', '1', '0', '0', '0', '0', '0');

