SET
@ENTRY12  :=77712,
@ENTRY13  :=77713,
@ENTRY14  :=77714,
@ENTRY15  :=77715,
@ENTRY16  :=77716,
@ENTRY17  :=77717,
@ENTRY18  :=77718,
@ENTRY19  :=77719,
@ENTRY20  :=77720,
@ENTRY21  :=77721,
@ENTRY22  :=77722,
@ENTRY23  :=77723,
@ENTRY24  :=77724,
@ENTRY25  :=77725,
@ENTRY26  :=77726;


REPLACE INTO `creature` VALUES
 ('511850', @ENTRY26, '0', '1', '1', '0', '0', '-8989.79', '757.346', '98.3301', '5.78324', '300', '0', '0', '6141', '0', '0', '0', '0', '0'),
 ('511854', @ENTRY24, '0', '1', '1', '0', '0', '-8427.79', '626.007', '95.6437', '5.33949', '300', '0', '0', '6141', '0', '0', '0', '0', '0'),
 ('511856', @ENTRY23, '0', '1', '1', '0', '0', '-8607.51', '363.144', '99.6239', '3.7569', '300', '0', '0', '6141', '0', '0', '0', '0', '0'),
 ('511859', @ENTRY21, '0', '1', '1', '0', '0', '-8344.27', '641.101', '95.491', '3.859', '300', '0', '0', '6141', '0', '0', '0', '0', '0'),
 ('511861', @ENTRY22, '0', '1', '1', '0', '0', '-8855.76', '802.048', '96.3345', '5.2688', '300', '0', '0', '6141', '0', '0', '0', '0', '0'),
 ('511863', @ENTRY17, '0', '1', '1', '0', '0', '-8859.8', '862.642', '99.6101', '5.26094', '300', '0', '0', '6141', '0', '0', '0', '0', '0'),
 ('511865', @ENTRY16, '0', '1', '1', '0', '0', '-8661.75', '425.459', '100.909', '2.20574', '300', '0', '0', '6141', '0', '0', '0', '0', '0'),
 ('511867', @ENTRY15, '0', '1', '1', '0', '0', '-8725.72', '474.55', '98.6133', '0.269726', '300', '0', '0', '6141', '0', '0', '0', '0', '0'),
 ('511869', @ENTRY12, '0', '1', '1', '0', '0', '-8943.79', '796.658', '90.9426', '5.00177', '300', '0', '0', '6141', '0', '0', '0', '0', '0'),
 ('511871', @ENTRY26, '1', '1', '1', '0', '0', '1963.38', '-4473.01', '25.8901', '3.24051', '300', '0', '0', '6141', '0', '0', '0', '0', '0'),
 ('511873', @ENTRY24, '1', '1', '1', '0', '0', '2051.56', '-4834.73', '24.5775', '0.519081', '300', '0', '0', '6141', '0', '0', '0', '0', '0'),
 ('511875', @ENTRY23, '1', '1', '1', '0', '0', '1777.99', '-4482.26', '45.6483', '4.24973', '300', '0', '0', '6141', '0', '0', '0', '0', '0'),
 ('511879', @ENTRY21, '1', '1', '1', '0', '0', '2047.99', '-4742.17', '29.3859', '2.9931', '300', '0', '0', '6141', '0', '0', '0', '0', '0'),
 ('511881', @ENTRY22, '1', '1', '1', '0', '0', '1913.37', '-4433.74', '24.7987', '0.212807', '300', '0', '0', '6141', '0', '0', '0', '0', '0'),
 ('511883', @ENTRY17, '1', '1', '1', '0', '0', '1839.15', '-4477.94', '47.7615', '0.69974', '300', '0', '0', '6141', '0', '0', '0', '0', '0'),
 ('511885', @ENTRY16, '1', '1', '1', '0', '0', '1893.99', '-4317.99', '23.396', '5.57708', '300', '0', '0', '6141', '0', '0', '0', '0', '0'),
 ('511887', @ENTRY15, '1', '1', '1', '0', '0', '1852.14', '-4565.88', '24.9852', '2.00743', '300', '0', '0', '6141', '0', '0', '0', '0', '0'),
 ('511889', @ENTRY12, '1', '1', '1', '0', '0', '1809.61', '-4571.65', '23.0063', '2.11739', '300', '0', '0', '6141', '0', '0', '0', '0', '0');

REPLACE INTO `creature_template` (`entry`,`difficulty_entry_1`,`difficulty_entry_2`,`difficulty_entry_3`,`KillCredit1`,`KillCredit2`,`modelid1`,`modelid2`,`modelid3`,`modelid4`,`name`,`subname`,`IconName`,`gossip_menu_id`,`minlevel`,`maxlevel`,`exp`,`faction_A`,`faction_H`,`npcflag`,`speed_walk`,`speed_run`,`scale`,`rank`,`mindmg`,`maxdmg`,`dmgschool`,`attackpower`,`dmg_multiplier`,`baseattacktime`,`rangeattacktime`,`unit_class`,`unit_flags`,`dynamicflags`,`family`,`trainer_type`,`trainer_spell`,`trainer_class`,`trainer_race`,`minrangedmg`,`maxrangedmg`,`rangedattackpower`,`type`,`type_flags`,`lootid`,`pickpocketloot`,`skinloot`,`resistance1`,`resistance2`,`resistance3`,`resistance4`,`resistance5`,`resistance6`,`spell1`,`spell2`,`spell3`,`spell4`,`spell5`,`spell6`,`spell7`,`spell8`,`PetSpellDataId`,`VehicleId`,`mingold`,`maxgold`,`AIName`,`MovementType`,`InhabitType`,`Health_mod`,`Mana_mod`,`Armor_mod`,`RacialLeader`,`questItem1`,`questItem2`,`questItem3`,`questItem4`,`questItem5`,`questItem6`,`movementId`,`RegenHealth`,`mechanic_immune_mask`,`flags_extra`,`ScriptName`,`WDBVerified`) VALUES
 ( @ENTRY12,0,0,0,0,0,30790,0,0,0,'Tailoring Trainer','Profession trainer','Trainer',0,85,85,3,35,35,81,1,1,1,1,1000,1400,0,1200,1,2000,0,1,258,8,0,2,0,0,0,800,1000,200,7,4,0,0,0,0,0,0,0,0,0,0,0,0,0,0,0,0,0,0,0,0,0,'',0,3,1,1,1,0,0,0,0,0,0,0,0,1,2147483647,0,'',1),
 ( @ENTRY13,0,0,0,0,0,30790,0,0,0,'Skinning Trainer','Profession trainer','Trainer',0,85,85,3,35,35,81,1,1,1,1,1000,1400,0,1200,1,2000,0,1,258,8,0,2,0,0,0,800,1000,200,7,4,0,0,0,0,0,0,0,0,0,0,0,0,0,0,0,0,0,0,0,0,0,'',0,3,1,1,1,0,0,0,0,0,0,0,0,1,2147483647,0,'',1),
 ( @ENTRY14,0,0,0,0,0,30790,0,0,0,'Mining Trainer','Profession trainer','Trainer',0,85,85,3,35,35,81,1,1,1,1,1000,1400,0,1200,1,2000,0,1,258,8,0,2,0,0,0,800,1000,200,7,4,0,0,0,0,0,0,0,0,0,0,0,0,0,0,0,0,0,0,0,0,0,'',0,3,1,1,1,0,0,0,0,0,0,0,0,1,2147483647,0,'',1),
 ( @ENTRY15,0,0,0,0,0,30790,0,0,0,'Leatherworking Trainer','Profession trainer','Trainer',0,85,85,3,35,35,81,1,1,1,1,1000,1400,0,1200,1,2000,0,1,258,8,0,2,0,0,0,800,1000,200,7,4,0,0,0,0,0,0,0,0,0,0,0,0,0,0,0,0,0,0,0,0,0,'',0,3,1,1,1,0,0,0,0,0,0,0,0,1,2147483647,0,'',1),
 ( @ENTRY16,0,0,0,0,0,30790,0,0,0,'Jewelcrafting Trainer','Profession trainer','Trainer',0,85,85,3,35,35,81,1,1,1,1,1000,1400,0,1200,1,2000,0,1,258,8,0,2,0,0,0,800,1000,200,7,4,0,0,0,0,0,0,0,0,0,0,0,0,0,0,0,0,0,0,0,0,0,'',0,3,1,1,1,0,0,0,0,0,0,0,0,1,2147483647,0,'',1),
 ( @ENTRY17,0,0,0,0,0,30790,0,0,0,'Inscription Trainer','Profession trainer','Trainer',0,85,85,3,35,35,81,1,1,1,1,1000,1400,0,1200,1,2000,0,1,258,8,0,2,0,0,0,800,1000,200,7,4,0,0,0,0,0,0,0,0,0,0,0,0,0,0,0,0,0,0,0,0,0,'',0,3,1,1,1,0,0,0,0,0,0,0,0,1,2147483647,0,'',1),
 ( @ENTRY18,0,0,0,0,0,30790,0,0,0,'Herbalism Trainer','Profession trainer','Trainer',0,85,85,3,35,35,81,1,1,1,1,1000,1400,0,1200,1,2000,0,1,258,8,0,2,0,0,0,800,1000,200,7,4,0,0,0,0,0,0,0,0,0,0,0,0,0,0,0,0,0,0,0,0,0,'',0,3,1,1,1,0,0,0,0,0,0,0,0,1,2147483647,0,'',1),
 ( @ENTRY19,0,0,0,0,0,30790,0,0,0,'Fishing Trainer','Profession trainer','Trainer',0,85,85,3,35,35,81,1,1,1,1,1000,1400,0,1200,1,2000,0,1,258,8,0,2,0,0,0,800,1000,200,7,4,0,0,0,0,0,0,0,0,0,0,0,0,0,0,0,0,0,0,0,0,0,'',0,3,1,1,1,0,0,0,0,0,0,0,0,1,2147483647,0,'',1),
 ( @ENTRY20,0,0,0,0,0,30790,0,0,0,'First Aid Trainer','Profession trainer','Trainer',0,85,85,3,35,35,81,1,1,1,1,1000,1400,0,1200,1,2000,0,1,258,8,0,2,0,0,0,800,1000,200,7,4,0,0,0,0,0,0,0,0,0,0,0,0,0,0,0,0,0,0,0,0,0,'',0,3,1,1,1,0,0,0,0,0,0,0,0,1,2147483647,0,'',1),
 ( @ENTRY21,0,0,0,0,0,30790,0,0,0,'Engineering Trainer','Profession trainer','Trainer',0,85,85,3,35,35,81,1,1,1,1,1000,1400,0,1200,1,2000,0,1,258,8,0,2,0,0,0,800,1000,200,7,4,0,0,0,0,0,0,0,0,0,0,0,0,0,0,0,0,0,0,0,0,0,'',0,3,1,1,1,0,0,0,0,0,0,0,0,1,2147483647,0,'',1),
 ( @ENTRY22,0,0,0,0,0,30790,0,0,0,'Enchanting Trainer','Profession trainer','Trainer',0,85,85,3,35,35,81,1,1,1,1,1000,1400,0,1200,1,2000,0,1,258,8,0,2,0,0,0,800,1000,200,7,4,0,0,0,0,0,0,0,0,0,0,0,0,0,0,0,0,0,0,0,0,0,'',0,3,1,1,1,0,0,0,0,0,0,0,0,1,2147483647,0,'',1),
 ( @ENTRY23,0,0,0,0,0,30790,0,0,0,'Cooking Trainer','Profession trainer','Trainer',0,85,85,3,35,35,81,1,1,1,1,1000,1400,0,1200,1,2000,0,1,258,8,0,2,0,0,0,800,1000,200,7,4,0,0,0,0,0,0,0,0,0,0,0,0,0,0,0,0,0,0,0,0,0,'',0,3,1,1,1,0,0,0,0,0,0,0,0,1,2147483647,0,'',1),
 ( @ENTRY24,0,0,0,0,0,30790,0,0,0,'Blacksmithing Trainer','Profession trainer','Trainer',0,85,85,3,35,35,81,1,1,1,1,1000,1400,0,1200,1,2000,0,1,258,8,0,2,0,0,0,800,1000,200,7,4,0,0,0,0,0,0,0,0,0,0,0,0,0,0,0,0,0,0,0,0,0,'',0,3,1,1,1,0,0,0,0,0,0,0,0,1,2147483647,0,'',1),
 ( @ENTRY26,0,0,0,0,0,30790,0,0,0,'Alchemy Trainer','Profession trainer','Trainer',0,85,85,3,35,35,81,1,1,1,1,1000,1400,0,1200,1,2000,0,1,258,8,0,2,0,0,0,800,1000,200,7,4,0,0,0,0,0,0,0,0,0,0,0,0,0,0,0,0,0,0,0,0,0,'',0,3,1,1,1,0,0,0,0,0,0,0,0,1,2147483647,0,'',1);

REPLACE INTO `npc_trainer` (entry,spell,spellcost,reqskill,reqskillvalue,reqlevel) VALUES
 ( @ENTRY12,2385,47,197,10,0),
 ( @ENTRY12,2386,188,197,65,0),
 ( @ENTRY12,2392,47,197,40,0),
 ( @ENTRY12,2393,23,197,1,0),
 ( @ENTRY12,2394,47,197,40,0),
 ( @ENTRY12,2395,282,197,70,0),
 ( @ENTRY12,2396,188,197,70,0),
 ( @ENTRY12,2397,188,197,60,0),
 ( @ENTRY12,2399,282,197,85,0),
 ( @ENTRY12,2401,282,197,95,0),
 ( @ENTRY12,2402,235,197,75,0),
 ( @ENTRY12,2406,188,197,100,0),
 ( @ENTRY12,2964,94,197,75,0),
 ( @ENTRY12,3755,94,197,45,0),
 ( @ENTRY12,3757,188,197,80,0),
 ( @ENTRY12,3813,752,197,150,0),
 ( @ENTRY12,3839,470,197,125,0),
 ( @ENTRY12,3840,94,197,35,0),
 ( @ENTRY12,3841,188,197,60,0),
 ( @ENTRY12,3842,282,197,70,0),
 ( @ENTRY12,3843,376,197,85,0),
 ( @ENTRY12,3845,282,197,80,0),
 ( @ENTRY12,3848,470,197,110,0),
 ( @ENTRY12,3850,470,197,110,0),
 ( @ENTRY12,3852,705,197,130,0),
 ( @ENTRY12,3855,705,197,125,0),
 ( @ENTRY12,3859,705,197,150,0),
 ( @ENTRY12,3861,941,197,185,0),
 ( @ENTRY12,3865,941,197,175,0),
 ( @ENTRY12,3866,235,197,110,0),
 ( @ENTRY12,3871,470,197,170,0),
 ( @ENTRY12,3908,8,197,0,5),
 ( @ENTRY12,3909,470,197,50,10),
 ( @ENTRY12,3910,4705,197,125,20),
 ( @ENTRY12,3914,47,197,30,0),
 ( @ENTRY12,6521,376,197,90,0),
 ( @ENTRY12,6690,941,197,135,0),
 ( @ENTRY12,7623,47,197,30,0),
 ( @ENTRY12,7624,47,197,30,0),
 ( @ENTRY12,8465,47,197,40,0),
 ( @ENTRY12,8467,235,197,110,0),
 ( @ENTRY12,8483,470,197,160,0),
 ( @ENTRY12,8489,705,197,175,0),
 ( @ENTRY12,8758,564,197,140,0),
 ( @ENTRY12,8760,564,197,145,0),
 ( @ENTRY12,8762,705,197,160,0),
 ( @ENTRY12,8764,847,197,170,0),
 ( @ENTRY12,8766,941,197,175,0),
 ( @ENTRY12,8770,941,197,190,0),
 ( @ENTRY12,8772,941,197,175,0),
 ( @ENTRY12,8774,941,197,180,0),
 ( @ENTRY12,8776,47,197,15,0),
 ( @ENTRY12,8791,2352,197,185,0),
 ( @ENTRY12,8799,2823,197,195,0),
 ( @ENTRY12,8804,4705,197,210,0),
 ( @ENTRY12,12045,47,197,20,0),
 ( @ENTRY12,12046,282,197,75,0),
 ( @ENTRY12,12048,3764,197,205,0),
 ( @ENTRY12,12049,3764,197,205,0),
 ( @ENTRY12,12050,3764,197,210,0),
 ( @ENTRY12,12052,4705,197,210,0),
 ( @ENTRY12,12053,4705,197,215,0),
 ( @ENTRY12,12055,5176,197,215,0),
 ( @ENTRY12,12061,2352,197,215,0),
 ( @ENTRY12,12065,4705,197,225,0),
 ( @ENTRY12,12067,4705,197,225,0),
 ( @ENTRY12,12069,4705,197,225,0),
 ( @ENTRY12,12070,4705,197,225,0),
 ( @ENTRY12,12071,5647,197,225,0),
 ( @ENTRY12,12072,5647,197,230,0),
 ( @ENTRY12,12073,5647,197,230,0),
 ( @ENTRY12,12074,5647,197,230,0),
 ( @ENTRY12,12076,6117,197,235,0),
 ( @ENTRY12,12077,4705,197,235,0),
 ( @ENTRY12,12079,6117,197,235,0),
 ( @ENTRY12,12082,6588,197,240,0),
 ( @ENTRY12,12088,7058,197,245,0),
 ( @ENTRY12,12092,7058,197,250,0),
 ( @ENTRY12,12180,47058,197,200,35),
 ( @ENTRY12,18401,9411,197,250,0),
 ( @ENTRY12,18402,9411,197,255,0),
 ( @ENTRY12,18403,9411,197,255,0),
 ( @ENTRY12,18406,9411,197,260,0),
 ( @ENTRY12,18407,9411,197,260,0),
 ( @ENTRY12,18409,9411,197,265,0),
 ( @ENTRY12,18410,9411,197,265,0),
 ( @ENTRY12,18411,9411,197,265,0),
 ( @ENTRY12,18413,9411,197,270,0),
 ( @ENTRY12,18414,9411,197,270,0),
 ( @ENTRY12,18415,9411,197,270,0),
 ( @ENTRY12,18416,11764,197,275,0),
 ( @ENTRY12,18417,11764,197,275,0),
 ( @ENTRY12,18420,11764,197,275,0),
 ( @ENTRY12,18421,11764,197,275,0),
 ( @ENTRY12,18423,14117,197,280,0),
 ( @ENTRY12,18424,14117,197,280,0),
 ( @ENTRY12,18437,14117,197,285,0),
 ( @ENTRY12,18438,14117,197,285,0),
 ( @ENTRY12,18441,14117,197,290,0),
 ( @ENTRY12,18442,14117,197,290,0),
 ( @ENTRY12,18444,14117,197,295,0),
 ( @ENTRY12,18446,14117,197,300,0),
 ( @ENTRY12,18449,14117,197,300,0),
 ( @ENTRY12,18450,14117,197,300,0),
 ( @ENTRY12,18451,14117,197,300,0),
 ( @ENTRY12,18453,14117,197,300,0),
 ( @ENTRY12,26745,14117,197,300,0),
 ( @ENTRY12,26746,14117,197,315,0),
 ( @ENTRY12,26764,14117,197,310,0),
 ( @ENTRY12,26765,14117,197,310,0),
 ( @ENTRY12,26770,18823,197,320,0),
 ( @ENTRY12,26771,18823,197,325,0),
 ( @ENTRY12,26772,18823,197,335,0),
 ( @ENTRY12,26790,94117,197,275,50),
 ( @ENTRY12,31460,14117,197,300,0),
 ( @ENTRY12,51309,329411,197,350,65),
 ( @ENTRY12,55642,117647,197,420,0),
 ( @ENTRY12,55769,117647,197,420,0),
 ( @ENTRY12,55777,117647,197,420,0),
 ( @ENTRY12,55898,47058,197,360,0),
 ( @ENTRY12,55899,47058,197,350,0),
 ( @ENTRY12,55900,117647,197,400,0),
 ( @ENTRY12,55901,47058,197,395,0),
 ( @ENTRY12,55902,47058,197,350,0),
 ( @ENTRY12,55903,47058,197,360,0),
 ( @ENTRY12,55904,47058,197,360,0),
 ( @ENTRY12,55906,47058,197,375,0),
 ( @ENTRY12,55907,47058,197,380,0),
 ( @ENTRY12,55908,47058,197,370,0),
 ( @ENTRY12,55910,75294,197,385,0),
 ( @ENTRY12,55911,75294,197,390,0),
 ( @ENTRY12,55913,75294,197,385,0),
 ( @ENTRY12,55914,47058,197,395,0),
 ( @ENTRY12,55919,94117,197,395,0),
 ( @ENTRY12,55920,47058,197,400,0),
 ( @ENTRY12,55921,94117,197,405,0),
 ( @ENTRY12,55922,94117,197,405,0),
 ( @ENTRY12,55923,94117,197,410,0),
 ( @ENTRY12,55924,117647,197,410,0),
 ( @ENTRY12,55925,117647,197,415,0),
 ( @ENTRY12,55941,117647,197,420,0),
 ( @ENTRY12,55943,117647,197,415,0),
 ( @ENTRY12,55995,47058,197,400,0),
 ( @ENTRY12,56000,47058,197,400,0),
 ( @ENTRY12,56001,94117,197,415,0),
 ( @ENTRY12,56002,94117,197,415,0),
 ( @ENTRY12,56003,94117,197,415,0),
 ( @ENTRY12,56007,75294,197,410,0),
 ( @ENTRY12,56008,94117,197,400,0),
 ( @ENTRY12,56010,94117,197,400,0),
 ( @ENTRY12,56014,94117,197,390,0),
 ( @ENTRY12,56015,94117,197,395,0),
 ( @ENTRY12,56018,94117,197,425,0),
 ( @ENTRY12,56019,94117,197,425,0),
 ( @ENTRY12,56020,94117,197,425,0),
 ( @ENTRY12,56021,94117,197,425,0),
 ( @ENTRY12,56022,94117,197,425,0),
 ( @ENTRY12,56023,94117,197,425,0),
 ( @ENTRY12,56024,188235,197,450,0),
 ( @ENTRY12,56025,188235,197,440,0),
 ( @ENTRY12,56026,188235,197,450,0),
 ( @ENTRY12,56027,188235,197,440,0),
 ( @ENTRY12,56028,188235,197,450,0),
 ( @ENTRY12,56029,188235,197,440,0),
 ( @ENTRY12,56030,47058,197,380,0),
 ( @ENTRY12,56031,47058,197,350,0),
 ( @ENTRY12,56034,94117,197,405,0),
 ( @ENTRY12,56039,94117,197,405,0),
 ( @ENTRY12,59582,94117,197,415,0),
 ( @ENTRY12,59583,94117,197,415,0),
 ( @ENTRY12,59584,94117,197,420,0),
 ( @ENTRY12,59585,94117,197,420,0),
 ( @ENTRY12,59586,94117,197,420,0),
 ( @ENTRY12,59587,94117,197,420,0),
 ( @ENTRY12,59588,112941,197,420,0),
 ( @ENTRY12,59589,112941,197,420,0),
 ( @ENTRY12,60969,14117,197,300,0),
 ( @ENTRY12,60971,141176,197,425,0),
 ( @ENTRY12,60990,169411,197,420,0),
 ( @ENTRY12,60993,169411,197,425,0),
 ( @ENTRY12,60994,169411,197,420,0),
 ( @ENTRY12,63742,705,197,125,0),
 ( @ENTRY12,64729,94117,197,400,0),
 ( @ENTRY12,64730,94117,197,405,0),
 ( @ENTRY13,8613,8,393,0,0),
 ( @ENTRY13,8617,421,393,50,0),
 ( @ENTRY13,8618,4210,393,125,10),
 ( @ENTRY13,10768,42105,393,200,25),
 ( @ENTRY13,32678,84210,393,275,40),
 ( @ENTRY13,50305,294736,393,350,55),
 ( @ENTRY14,2575,9,186,0,0),
 ( @ENTRY14,2576,421,186,50,0),
 ( @ENTRY14,2658,168,186,75,0),
 ( @ENTRY14,2659,168,186,65,0),
 ( @ENTRY14,3304,42,186,65,0),
 ( @ENTRY14,3307,421,186,125,0),
 ( @ENTRY14,3308,2000,186,155,0),
 ( @ENTRY14,3564,4000,186,125,10),
 ( @ENTRY14,3569,2000,186,165,0),
 ( @ENTRY14,10097,4000,186,175,0),
 ( @ENTRY14,10098,8000,186,230,0),
 ( @ENTRY14,10248,40000,186,200,25),
 ( @ENTRY14,16153,16000,186,230,0),
 ( @ENTRY14,29354,80000,186,275,40),
 ( @ENTRY14,29356,32000,186,275,0),
 ( @ENTRY14,29358,32000,186,325,0),
 ( @ENTRY14,29359,32000,186,350,0),
 ( @ENTRY14,29360,32000,186,350,0),
 ( @ENTRY14,29361,80000,186,375,0),
 ( @ENTRY14,29686,80000,186,375,0),
 ( @ENTRY14,35750,8000,186,300,0),
 ( @ENTRY14,35751,8000,186,300,0),
 ( @ENTRY14,49252,80000,186,350,0),
 ( @ENTRY14,49258,120000,186,400,0),
 ( @ENTRY14,50310,280000,186,350,55),
 ( @ENTRY14,55208,160000,186,450,0),
 ( @ENTRY14,55211,160000,186,450,0),
 ( @ENTRY14,70524,8000,186,250,0),
 ( @ENTRY15,2108,8,165,0,5),
 ( @ENTRY15,2153,42,165,15,0),
 ( @ENTRY15,2159,210,165,85,0),
 ( @ENTRY15,2160,84,165,40,0),
 ( @ENTRY15,2161,84,165,55,0),
 ( @ENTRY15,2162,84,165,60,0),
 ( @ENTRY15,2165,210,165,100,0),
 ( @ENTRY15,2166,378,165,120,0),
 ( @ENTRY15,2167,294,165,100,0),
 ( @ENTRY15,2168,294,165,110,0),
 ( @ENTRY15,3104,421,165,50,10),
 ( @ENTRY15,3753,63,165,25,0),
 ( @ENTRY15,3756,126,165,55,0),
 ( @ENTRY15,3759,168,165,75,0),
 ( @ENTRY15,3760,505,165,150,0),
 ( @ENTRY15,3761,294,165,85,0),
 ( @ENTRY15,3763,252,165,80,0),
 ( @ENTRY15,3764,421,165,145,0),
 ( @ENTRY15,3766,336,165,125,0),
 ( @ENTRY15,3768,421,165,130,0),
 ( @ENTRY15,3770,421,165,135,0),
 ( @ENTRY15,3774,842,165,160,0),
 ( @ENTRY15,3776,1010,165,180,0),
 ( @ENTRY15,3780,631,165,150,0),
 ( @ENTRY15,3811,4210,165,125,20),
 ( @ENTRY15,3816,42,165,35,0),
 ( @ENTRY15,3817,168,165,100,0),
 ( @ENTRY15,3818,421,165,150,0),
 ( @ENTRY15,6661,1684,165,190,0),
 ( @ENTRY15,7135,336,165,115,0),
 ( @ENTRY15,7147,842,165,160,0),
 ( @ENTRY15,7151,1010,165,175,0),
 ( @ENTRY15,7156,2021,165,190,0),
 ( @ENTRY15,9065,126,165,70,0),
 ( @ENTRY15,9068,336,165,95,0),
 ( @ENTRY15,9074,421,165,120,0),
 ( @ENTRY15,9145,421,165,125,0),
 ( @ENTRY15,9196,1263,165,175,0),
 ( @ENTRY15,9198,1684,165,180,0),
 ( @ENTRY15,9201,1684,165,185,0),
 ( @ENTRY15,9206,2105,165,195,0),
 ( @ENTRY15,10482,1684,165,200,0),
 ( @ENTRY15,10487,1684,165,200,0),
 ( @ENTRY15,10499,2526,165,205,0),
 ( @ENTRY15,10507,2526,165,205,0),
 ( @ENTRY15,10511,2526,165,210,0),
 ( @ENTRY15,10518,2947,165,210,0),
 ( @ENTRY15,10548,3368,165,230,0),
 ( @ENTRY15,10552,3368,165,230,0),
 ( @ENTRY15,10556,3789,165,235,0),
 ( @ENTRY15,10558,3789,165,235,0),
 ( @ENTRY15,10630,8421,165,230,0),
 ( @ENTRY15,10632,8421,165,250,0),
 ( @ENTRY15,10647,8421,165,250,0),
 ( @ENTRY15,10650,8421,165,255,0),
 ( @ENTRY15,10662,42105,165,200,35),
 ( @ENTRY15,19047,4210,165,250,0),
 ( @ENTRY15,19052,8421,165,265,0),
 ( @ENTRY15,19055,8421,165,270,0),
 ( @ENTRY15,19058,4210,165,250,0),
 ( @ENTRY15,19065,8421,165,275,0),
 ( @ENTRY15,19071,8421,165,280,0),
 ( @ENTRY15,19072,8421,165,280,0),
 ( @ENTRY15,19082,12631,165,290,0),
 ( @ENTRY15,19083,12631,165,290,0),
 ( @ENTRY15,19091,12631,165,300,0),
 ( @ENTRY15,19092,12631,165,300,0),
 ( @ENTRY15,19098,12631,165,300,0),
 ( @ENTRY15,19102,12631,165,300,0),
 ( @ENTRY15,19103,12631,165,300,0),
 ( @ENTRY15,20648,421,165,100,0),
 ( @ENTRY15,20649,842,165,150,0),
 ( @ENTRY15,20650,3368,165,200,0),
 ( @ENTRY15,22331,4210,165,250,0),
 ( @ENTRY15,24654,42105,165,300,0),
 ( @ENTRY15,24655,25263,165,280,0),
 ( @ENTRY15,32454,8421,165,300,0),
 ( @ENTRY15,32455,16842,165,325,0),
 ( @ENTRY15,32456,12631,165,300,0),
 ( @ENTRY15,32462,12631,165,300,0),
 ( @ENTRY15,32463,15157,165,310,0),
 ( @ENTRY15,32464,16842,165,320,0),
 ( @ENTRY15,32465,21052,165,335,0),
 ( @ENTRY15,32466,12631,165,300,0),
 ( @ENTRY15,32467,15157,165,310,0),
 ( @ENTRY15,32468,16842,165,325,0),
 ( @ENTRY15,32469,21052,165,335,0),
 ( @ENTRY15,32470,12631,165,300,0),
 ( @ENTRY15,32471,15157,165,315,0),
 ( @ENTRY15,32472,16842,165,320,0),
 ( @ENTRY15,32473,21052,165,330,0),
 ( @ENTRY15,32478,12631,165,300,0),
 ( @ENTRY15,32479,15157,165,310,0),
 ( @ENTRY15,32480,16842,165,320,0),
 ( @ENTRY15,32481,21052,165,330,0),
 ( @ENTRY15,32549,84210,165,275,50),
 ( @ENTRY15,35540,16842,165,340,0),
 ( @ENTRY15,36074,8421,165,260,0),
 ( @ENTRY15,36075,8421,165,260,0),
 ( @ENTRY15,36076,8421,165,260,0),
 ( @ENTRY15,36077,33684,165,330,0),
 ( @ENTRY15,36078,33684,165,330,0),
 ( @ENTRY15,36079,33684,165,330,0),
 ( @ENTRY15,44770,42105,165,350,0),
 ( @ENTRY15,44970,42105,165,350,0),
 ( @ENTRY15,45100,12631,165,300,0),
 ( @ENTRY15,50936,67368,165,390,0),
 ( @ENTRY15,50938,25263,165,375,0),
 ( @ENTRY15,50939,25263,165,370,0),
 ( @ENTRY15,50940,25263,165,380,0),
 ( @ENTRY15,50941,25263,165,370,0),
 ( @ENTRY15,50942,25263,165,375,0),
 ( @ENTRY15,50943,25263,165,380,0),
 ( @ENTRY15,50944,25263,165,370,0),
 ( @ENTRY15,50945,25263,165,375,0),
 ( @ENTRY15,50946,25263,165,380,0),
 ( @ENTRY15,50947,25263,165,375,0),
 ( @ENTRY15,50948,25263,165,370,0),
 ( @ENTRY15,50949,25263,165,380,0),
 ( @ENTRY15,50950,25263,165,375,0),
 ( @ENTRY15,50951,25263,165,370,0),
 ( @ENTRY15,50952,25263,165,375,0),
 ( @ENTRY15,50953,25263,165,380,0),
 ( @ENTRY15,50954,25263,165,380,0),
 ( @ENTRY15,50955,25263,165,370,0),
 ( @ENTRY15,50956,25263,165,375,0),
 ( @ENTRY15,50957,25263,165,370,0),
 ( @ENTRY15,50958,25263,165,380,0),
 ( @ENTRY15,50959,25263,165,370,0),
 ( @ENTRY15,50960,25263,165,380,0),
 ( @ENTRY15,50961,25263,165,375,0),
 ( @ENTRY15,50962,42105,165,350,0),
 ( @ENTRY15,50963,67368,165,395,0),
 ( @ENTRY15,50964,42105,165,405,0),
 ( @ENTRY15,50965,67368,165,425,0),
 ( @ENTRY15,50966,42105,165,400,0),
 ( @ENTRY15,50967,67368,165,425,0),
 ( @ENTRY15,51302,294736,165,350,65),
 ( @ENTRY15,51568,84210,165,390,0),
 ( @ENTRY15,51569,67368,165,400,0),
 ( @ENTRY15,51570,67368,165,410,0),
 ( @ENTRY15,51571,25263,165,385,0),
 ( @ENTRY15,51572,25263,165,385,0),
 ( @ENTRY15,55199,67368,165,395,0),
 ( @ENTRY15,57683,58947,165,400,0),
 ( @ENTRY15,57690,58947,165,400,0),
 ( @ENTRY15,57691,58947,165,400,0),
 ( @ENTRY15,60583,42105,165,405,0),
 ( @ENTRY15,60584,42105,165,400,0),
 ( @ENTRY15,60599,25263,165,385,0),
 ( @ENTRY15,60600,25263,165,385,0),
 ( @ENTRY15,60601,67368,165,395,0),
 ( @ENTRY15,60604,67368,165,395,0),
 ( @ENTRY15,60605,84210,165,400,0),
 ( @ENTRY15,60607,25263,165,385,0),
 ( @ENTRY15,60608,25263,165,385,0),
 ( @ENTRY15,60611,67368,165,395,0),
 ( @ENTRY15,60613,67368,165,395,0),
 ( @ENTRY15,60620,84210,165,400,0),
 ( @ENTRY15,60622,25263,165,385,0),
 ( @ENTRY15,60624,25263,165,385,0),
 ( @ENTRY15,60627,67368,165,395,0),
 ( @ENTRY15,60629,67368,165,395,0),
 ( @ENTRY15,60630,67368,165,400,0),
 ( @ENTRY15,60631,67368,165,380,0),
 ( @ENTRY15,60637,168421,165,440,0),
 ( @ENTRY15,60640,168421,165,440,0),
 ( @ENTRY15,60643,42105,165,415,0),
 ( @ENTRY15,60649,84210,165,425,0),
 ( @ENTRY15,60651,84210,165,420,0),
 ( @ENTRY15,60652,84210,165,420,0),
 ( @ENTRY15,60655,168421,165,425,0),
 ( @ENTRY15,60658,168421,165,420,0),
 ( @ENTRY15,60660,84210,165,425,0),
 ( @ENTRY15,60665,84210,165,420,0),
 ( @ENTRY15,60666,67368,165,420,0),
 ( @ENTRY15,60669,84210,165,425,0),
 ( @ENTRY15,60671,84210,165,420,0),
 ( @ENTRY15,62448,67368,165,425,0),
 ( @ENTRY15,64661,42105,165,350,0),
 ( @ENTRY15,69386,168421,165,450,0),
 ( @ENTRY15,69388,168421,165,450,0),
 ( @ENTRY16,25229,8,755,0,5),
 ( @ENTRY16,25230,444,755,50,10),
 ( @ENTRY16,25278,177,755,50,0),
 ( @ENTRY16,25280,177,755,50,0),
 ( @ENTRY16,25283,88,755,30,0),
 ( @ENTRY16,25284,355,755,60,0),
 ( @ENTRY16,25287,355,755,70,0),
 ( @ENTRY16,25305,888,755,90,0),
 ( @ENTRY16,25317,533,755,80,0),
 ( @ENTRY16,25318,711,755,100,0),
 ( @ENTRY16,25321,1333,755,120,0),
 ( @ENTRY16,25490,266,755,50,0),
 ( @ENTRY16,25498,533,755,110,0),
 ( @ENTRY16,25613,1066,755,135,0),
 ( @ENTRY16,25615,1333,755,150,0),
 ( @ENTRY16,25620,1777,755,170,0),
 ( @ENTRY16,25621,1777,755,180,0),
 ( @ENTRY16,26872,2222,755,200,0),
 ( @ENTRY16,26874,4444,755,210,0),
 ( @ENTRY16,26876,2666,755,220,0),
 ( @ENTRY16,26880,3111,755,225,0),
 ( @ENTRY16,26883,3555,755,235,0),
 ( @ENTRY16,26885,4444,755,240,0),
 ( @ENTRY16,26902,8888,755,260,0),
 ( @ENTRY16,26903,8888,755,275,0),
 ( @ENTRY16,26907,8888,755,280,0),
 ( @ENTRY16,26908,10666,755,280,0),
 ( @ENTRY16,26911,13333,755,290,0),
 ( @ENTRY16,26916,17777,755,310,0),
 ( @ENTRY16,26926,44,755,5,0),
 ( @ENTRY16,26927,266,755,50,0),
 ( @ENTRY16,26928,88,755,30,0),
 ( @ENTRY16,28894,4444,755,125,20),
 ( @ENTRY16,28895,44444,755,200,35),
 ( @ENTRY16,28897,88888,755,275,50),
 ( @ENTRY16,28905,8888,755,305,0),
 ( @ENTRY16,28910,8888,755,300,0),
 ( @ENTRY16,28914,8888,755,315,0),
 ( @ENTRY16,28917,8888,755,305,0),
 ( @ENTRY16,28936,8888,755,325,0),
 ( @ENTRY16,28948,8888,755,325,0),
 ( @ENTRY16,28953,8888,755,325,0),
 ( @ENTRY16,31048,17777,755,310,0),
 ( @ENTRY16,31049,17777,755,310,0),
 ( @ENTRY16,31050,22222,755,320,0),
 ( @ENTRY16,31051,26666,755,335,0),
 ( @ENTRY16,31052,26666,755,335,0),
 ( @ENTRY16,31252,88,755,20,5),
 ( @ENTRY16,32178,88,755,20,0),
 ( @ENTRY16,32179,88,755,20,0),
 ( @ENTRY16,32801,177,755,50,0),
 ( @ENTRY16,32807,533,755,110,0),
 ( @ENTRY16,32808,1777,755,175,0),
 ( @ENTRY16,32809,3111,755,225,0),
 ( @ENTRY16,34590,8888,755,305,0),
 ( @ENTRY16,34955,2222,755,180,0),
 ( @ENTRY16,34959,2666,755,200,0),
 ( @ENTRY16,34960,8888,755,280,0),
 ( @ENTRY16,34961,8888,755,290,0),
 ( @ENTRY16,36523,533,755,75,0),
 ( @ENTRY16,36524,711,755,105,0),
 ( @ENTRY16,36525,3555,755,230,0),
 ( @ENTRY16,36526,8888,755,265,0),
 ( @ENTRY16,37818,444,755,65,0),
 ( @ENTRY16,38068,17777,755,325,0),
 ( @ENTRY16,38175,577,755,80,0),
 ( @ENTRY16,40514,7555,755,340,0),
 ( @ENTRY16,41414,8888,755,325,0),
 ( @ENTRY16,41415,8888,755,330,0),
 ( @ENTRY16,41418,26666,755,365,0),
 ( @ENTRY16,41420,7555,755,325,0),
 ( @ENTRY16,41429,8888,755,350,0),
 ( @ENTRY16,47280,26666,755,350,0),
 ( @ENTRY16,51311,311111,755,350,65),
 ( @ENTRY16,53831,8888,755,350,0),
 ( @ENTRY16,53832,8888,755,350,0),
 ( @ENTRY16,53843,8888,755,350,0),
 ( @ENTRY16,53844,8888,755,350,0),
 ( @ENTRY16,53845,8888,755,350,0),
 ( @ENTRY16,53852,8888,755,350,0),
 ( @ENTRY16,53854,8888,755,350,0),
 ( @ENTRY16,53856,8888,755,350,0),
 ( @ENTRY16,53859,8888,755,350,0),
 ( @ENTRY16,53860,8888,755,350,0),
 ( @ENTRY16,53861,8888,755,350,0),
 ( @ENTRY16,53870,8888,755,350,0),
 ( @ENTRY16,53871,8888,755,350,0),
 ( @ENTRY16,53872,8888,755,350,0),
 ( @ENTRY16,53873,8888,755,350,0),
 ( @ENTRY16,53874,8888,755,350,0),
 ( @ENTRY16,53876,8888,755,350,0),
 ( @ENTRY16,53880,8888,755,350,0),
 ( @ENTRY16,53882,8888,755,350,0),
 ( @ENTRY16,53883,8888,755,350,0),
 ( @ENTRY16,53891,8888,755,350,0),
 ( @ENTRY16,53892,8888,755,350,0),
 ( @ENTRY16,53893,8888,755,350,0),
 ( @ENTRY16,53894,8888,755,350,0),
 ( @ENTRY16,53918,8888,755,350,0),
 ( @ENTRY16,53920,8888,755,350,0),
 ( @ENTRY16,53922,8888,755,350,0),
 ( @ENTRY16,53923,8888,755,350,0),
 ( @ENTRY16,53925,8888,755,350,0),
 ( @ENTRY16,53934,8888,755,350,0),
 ( @ENTRY16,53941,8888,755,350,0),
 ( @ENTRY16,54017,8888,755,350,0),
 ( @ENTRY16,55386,106666,755,440,0),
 ( @ENTRY16,55394,106666,755,440,0),
 ( @ENTRY16,55399,106666,755,440,0),
 ( @ENTRY16,55402,106666,755,440,0),
 ( @ENTRY16,56193,8888,755,350,0),
 ( @ENTRY16,56194,8888,755,350,0),
 ( @ENTRY16,56195,106666,755,380,0),
 ( @ENTRY16,56196,71111,755,380,0),
 ( @ENTRY16,56197,88888,755,420,0),
 ( @ENTRY16,56199,133333,755,400,0),
 ( @ENTRY16,56201,133333,755,400,0),
 ( @ENTRY16,56202,133333,755,400,0),
 ( @ENTRY16,56203,133333,755,400,0),
 ( @ENTRY16,56205,8888,755,350,0),
 ( @ENTRY16,56206,8888,755,350,0),
 ( @ENTRY16,56208,8888,755,350,0),
 ( @ENTRY16,56530,8888,755,350,0),
 ( @ENTRY16,56531,88888,755,390,0),
 ( @ENTRY16,58141,26666,755,350,0),
 ( @ENTRY16,58142,26666,755,350,0),
 ( @ENTRY16,58143,26666,755,350,0),
 ( @ENTRY16,58144,26666,755,350,0),
 ( @ENTRY16,58145,44444,755,390,0),
 ( @ENTRY16,58146,44444,755,390,0),
 ( @ENTRY16,59759,133333,755,400,0),
 ( @ENTRY16,62242,133333,755,425,0),
 ( @ENTRY16,62941,8888,755,300,0),
 ( @ENTRY16,63743,2666,755,200,0),
 ( @ENTRY16,64725,88888,755,420,0),
 ( @ENTRY16,64726,88888,755,420,0),
 ( @ENTRY16,64727,88888,755,420,0),
 ( @ENTRY16,64728,88888,755,420,0),
 ( @ENTRY17,45357,10,773,0,5),
 ( @ENTRY17,45358,400,773,50,10),
 ( @ENTRY17,45359,4444,773,125,20),
 ( @ENTRY17,45360,44444,773,200,35),
 ( @ENTRY17,45361,88888,773,275,50),
 ( @ENTRY17,45363,311111,773,350,65),
 ( @ENTRY17,48121,320,773,100,0),
 ( @ENTRY17,48247,400,773,85,0),
 ( @ENTRY17,48248,40,773,35,0),
 ( @ENTRY17,50598,320,773,75,0),
 ( @ENTRY17,50599,666,773,165,0),
 ( @ENTRY17,50600,4000,773,215,0),
 ( @ENTRY17,50601,8888,773,260,0),
 ( @ENTRY17,50603,44444,773,360,0),
 ( @ENTRY17,50604,53333,773,410,0),
 ( @ENTRY17,50605,320,773,75,0),
 ( @ENTRY17,50606,666,773,160,0),
 ( @ENTRY17,50607,4000,773,210,0),
 ( @ENTRY17,50608,8888,773,255,0),
 ( @ENTRY17,50609,17777,773,295,0),
 ( @ENTRY17,50610,44444,773,355,0),
 ( @ENTRY17,50611,53333,773,405,0),
 ( @ENTRY17,50612,320,773,75,0),
 ( @ENTRY17,50614,666,773,155,0),
 ( @ENTRY17,50616,4000,773,205,0),
 ( @ENTRY17,50617,8888,773,250,0),
 ( @ENTRY17,50618,17777,773,290,0),
 ( @ENTRY17,50619,44444,773,350,0),
 ( @ENTRY17,50620,53333,773,400,0),
 ( @ENTRY17,52739,120,773,35,0),
 ( @ENTRY17,52843,40,773,35,0),
 ( @ENTRY17,53462,240,773,75,0),
 ( @ENTRY17,56943,26666,773,350,0),
 ( @ENTRY17,56945,400,773,115,0),
 ( @ENTRY17,56948,600,773,150,0),
 ( @ENTRY17,56951,600,773,130,0),
 ( @ENTRY17,56952,17777,773,310,0),
 ( @ENTRY17,56953,888,773,170,0),
 ( @ENTRY17,56955,240,773,80,0),
 ( @ENTRY17,56956,2666,773,200,0),
 ( @ENTRY17,56957,8888,773,260,0),
 ( @ENTRY17,56959,4000,773,220,0),
 ( @ENTRY17,56961,320,773,90,0),
 ( @ENTRY17,56963,240,773,85,0),
 ( @ENTRY17,56971,400,773,115,0),
 ( @ENTRY17,56972,26666,773,335,0),
 ( @ENTRY17,56973,600,773,130,0),
 ( @ENTRY17,56974,666,773,155,0),
 ( @ENTRY17,56976,240,773,80,0),
 ( @ENTRY17,56978,320,773,90,0),
 ( @ENTRY17,56979,5333,773,225,0),
 ( @ENTRY17,56980,44444,773,375,0),
 ( @ENTRY17,56981,888,773,175,0),
 ( @ENTRY17,56984,26666,773,325,0),
 ( @ENTRY17,56987,53333,773,400,0),
 ( @ENTRY17,56991,17777,773,315,0),
 ( @ENTRY17,56994,888,773,175,0),
 ( @ENTRY17,56995,320,773,100,0),
 ( @ENTRY17,56997,400,773,115,0),
 ( @ENTRY17,57000,2666,773,200,0),
 ( @ENTRY17,57001,5333,773,225,0),
 ( @ENTRY17,57002,8888,773,260,0),
 ( @ENTRY17,57003,26666,773,350,0),
 ( @ENTRY17,57004,240,773,80,0),
 ( @ENTRY17,57005,600,773,130,0),
 ( @ENTRY17,57006,44444,773,375,0),
 ( @ENTRY17,57007,600,773,150,0),
 ( @ENTRY17,57008,17777,773,315,0),
 ( @ENTRY17,57009,320,773,90,0),
 ( @ENTRY17,57020,888,773,180,0),
 ( @ENTRY17,57022,266,773,80,0),
 ( @ENTRY17,57023,4000,773,205,0),
 ( @ENTRY17,57024,5333,773,230,0),
 ( @ENTRY17,57025,8888,773,265,0),
 ( @ENTRY17,57026,17777,773,300,0),
 ( @ENTRY17,57027,320,773,90,0),
 ( @ENTRY17,57029,444,773,105,0),
 ( @ENTRY17,57030,444,773,120,0),
 ( @ENTRY17,57031,600,773,135,0),
 ( @ENTRY17,57033,26666,773,335,0),
 ( @ENTRY17,57036,44444,773,375,0),
 ( @ENTRY17,57113,26666,773,340,0),
 ( @ENTRY17,57114,240,773,80,0),
 ( @ENTRY17,57119,320,773,95,0),
 ( @ENTRY17,57120,400,773,105,0),
 ( @ENTRY17,57121,444,773,120,0),
 ( @ENTRY17,57122,17777,773,305,0),
 ( @ENTRY17,57123,600,773,135,0),
 ( @ENTRY17,57125,666,773,160,0),
 ( @ENTRY17,57129,2666,773,185,0),
 ( @ENTRY17,57131,4000,773,210,0),
 ( @ENTRY17,57132,5333,773,235,0),
 ( @ENTRY17,57133,13333,773,285,0),
 ( @ENTRY17,57154,6666,773,240,0),
 ( @ENTRY17,57156,13333,773,285,0),
 ( @ENTRY17,57157,666,773,125,0),
 ( @ENTRY17,57158,320,773,95,0),
 ( @ENTRY17,57161,888,773,170,0),
 ( @ENTRY17,57162,240,773,85,0),
 ( @ENTRY17,57163,400,773,110,0),
 ( @ENTRY17,57165,2666,773,190,0),
 ( @ENTRY17,57167,600,773,140,0),
 ( @ENTRY17,57168,17777,773,320,0),
 ( @ENTRY17,57172,26666,773,345,0),
 ( @ENTRY17,57183,5333,773,230,0),
 ( @ENTRY17,57184,400,773,105,0),
 ( @ENTRY17,57185,8888,773,270,0),
 ( @ENTRY17,57186,444,773,120,0),
 ( @ENTRY17,57187,17777,773,315,0),
 ( @ENTRY17,57188,600,773,135,0),
 ( @ENTRY17,57192,26666,773,350,0),
 ( @ENTRY17,57194,240,773,80,0),
 ( @ENTRY17,57196,320,773,95,0),
 ( @ENTRY17,57197,666,773,160,0),
 ( @ENTRY17,57198,44444,773,375,0),
 ( @ENTRY17,57200,888,773,180,0),
 ( @ENTRY17,57201,4000,773,210,0),
 ( @ENTRY17,57210,8888,773,265,0),
 ( @ENTRY17,57213,13333,773,285,0),
 ( @ENTRY17,57216,8888,773,270,0),
 ( @ENTRY17,57219,8888,773,280,0),
 ( @ENTRY17,57221,17777,773,300,0),
 ( @ENTRY17,57222,26666,773,350,0),
 ( @ENTRY17,57224,26666,773,330,0),
 ( @ENTRY17,57225,44444,773,375,0),
 ( @ENTRY17,57226,17777,773,305,0),
 ( @ENTRY17,57227,26666,773,345,0),
 ( @ENTRY17,57236,17777,773,300,0),
 ( @ENTRY17,57238,400,773,110,0),
 ( @ENTRY17,57239,240,773,85,0),
 ( @ENTRY17,57240,666,773,125,0),
 ( @ENTRY17,57241,2666,773,185,0),
 ( @ENTRY17,57242,4000,773,215,0),
 ( @ENTRY17,57244,5333,773,235,0),
 ( @ENTRY17,57245,600,773,140,0),
 ( @ENTRY17,57246,320,773,95,0),
 ( @ENTRY17,57248,44444,773,375,0),
 ( @ENTRY17,57249,666,773,165,0),
 ( @ENTRY17,57251,8888,773,275,0),
 ( @ENTRY17,57252,26666,773,330,0),
 ( @ENTRY17,57257,26666,773,350,0),
 ( @ENTRY17,57259,240,773,85,0),
 ( @ENTRY17,57262,600,773,125,0),
 ( @ENTRY17,57265,400,773,110,0),
 ( @ENTRY17,57266,320,773,95,0),
 ( @ENTRY17,57269,666,773,140,0),
 ( @ENTRY17,57270,4000,773,215,0),
 ( @ENTRY17,57271,666,773,165,0),
 ( @ENTRY17,57272,8888,773,275,0),
 ( @ENTRY17,57274,6666,773,240,0),
 ( @ENTRY17,57275,26666,773,325,0),
 ( @ENTRY17,57277,2666,773,190,0),
 ( @ENTRY17,57703,320,773,85,0),
 ( @ENTRY17,57704,320,773,100,0),
 ( @ENTRY17,57706,666,773,125,0),
 ( @ENTRY17,57707,600,773,150,0),
 ( @ENTRY17,57708,666,773,175,0),
 ( @ENTRY17,57709,2666,773,200,0),
 ( @ENTRY17,57710,5333,773,225,0),
 ( @ENTRY17,57711,8888,773,250,0),
 ( @ENTRY17,57712,8888,773,275,0),
 ( @ENTRY17,57713,17777,773,290,0),
 ( @ENTRY17,57714,17777,773,325,0),
 ( @ENTRY17,57715,44444,773,350,0),
 ( @ENTRY17,57716,44444,773,375,0),
 ( @ENTRY17,58344,240,773,75,0),
 ( @ENTRY17,58346,240,773,75,0),
 ( @ENTRY17,58472,40,773,15,0),
 ( @ENTRY17,58473,320,773,85,0),
 ( @ENTRY17,58476,666,773,175,0),
 ( @ENTRY17,58478,4000,773,225,0),
 ( @ENTRY17,58480,8888,773,270,0),
 ( @ENTRY17,58481,17777,773,310,0),
 ( @ENTRY17,58482,44444,773,370,0),
 ( @ENTRY17,58483,53333,773,420,0),
 ( @ENTRY17,58484,40,773,15,0),
 ( @ENTRY17,58485,320,773,80,0),
 ( @ENTRY17,58486,666,773,170,0),
 ( @ENTRY17,58487,4000,773,220,0),
 ( @ENTRY17,58488,8888,773,265,0),
 ( @ENTRY17,58489,17777,773,305,0),
 ( @ENTRY17,58490,44444,773,365,0),
 ( @ENTRY17,58491,53333,773,415,0),
 ( @ENTRY17,58565,444,773,85,0),
 ( @ENTRY17,59326,320,773,75,0),
 ( @ENTRY17,59338,17777,773,310,0),
 ( @ENTRY17,59339,17777,773,320,0),
 ( @ENTRY17,59340,26666,773,340,0),
 ( @ENTRY17,59387,2666,773,200,0),
 ( @ENTRY17,59475,666,773,125,0),
 ( @ENTRY17,59478,600,773,125,0),
 ( @ENTRY17,59480,600,773,125,0),
 ( @ENTRY17,59484,666,773,175,0),
 ( @ENTRY17,59486,666,773,175,0),
 ( @ENTRY17,59487,666,773,175,0),
 ( @ENTRY17,59489,5333,773,225,0),
 ( @ENTRY17,59490,5333,773,225,0),
 ( @ENTRY17,59491,5333,773,225,0),
 ( @ENTRY17,59493,8888,773,275,0),
 ( @ENTRY17,59494,8888,773,275,0),
 ( @ENTRY17,59495,17777,773,325,0),
 ( @ENTRY17,59496,17777,773,325,0),
 ( @ENTRY17,59497,53333,773,400,0),
 ( @ENTRY17,59498,53333,773,400,0),
 ( @ENTRY17,59502,8888,773,275,0),
 ( @ENTRY17,59503,17777,773,325,0),
 ( @ENTRY17,59504,53333,773,400,0),
 ( @ENTRY17,60336,2666,773,200,0),
 ( @ENTRY17,60337,44444,773,350,0),
 ( @ENTRY17,61117,66666,773,400,0),
 ( @ENTRY17,61118,66666,773,400,0),
 ( @ENTRY17,61119,66666,773,400,0),
 ( @ENTRY17,61120,66666,773,400,0),
 ( @ENTRY17,61177,88888,773,385,0),
 ( @ENTRY17,61288,800,773,75,0),
 ( @ENTRY17,62162,44444,773,375,0),
 ( @ENTRY17,64053,44444,773,350,0),
 ( @ENTRY17,64258,8888,773,250,0),
 ( @ENTRY17,64259,8888,773,255,0),
 ( @ENTRY17,64260,8888,773,255,0),
 ( @ENTRY17,64261,8888,773,250,0),
 ( @ENTRY17,64262,8888,773,255,0),
 ( @ENTRY17,64266,8888,773,275,0),
 ( @ENTRY17,67600,320,773,100,0),
 ( @ENTRY17,69385,106666,773,440,0),
 ( @ENTRY18,2366,9,182,0,0),
 ( @ENTRY18,2368,421,182,50,0),
 ( @ENTRY18,3570,4210,182,125,10),
 ( @ENTRY18,11993,42105,182,200,25),
 ( @ENTRY18,28695,84210,182,275,40),
 ( @ENTRY18,50300,294736,182,350,55),
 ( @ENTRY19,7620,88,356,0,5),
 ( @ENTRY19,7731,444,356,50,1),
 ( @ENTRY19,7732,8888,356,125,1),
 ( @ENTRY19,18248,22222,356,200,1),
 ( @ENTRY19,33095,88888,356,275,1),
 ( @ENTRY19,51294,133333,356,350,1),
 ( @ENTRY20,3273,94,129,0,0),
 ( @ENTRY20,3274,470,129,50,0),
 ( @ENTRY20,3276,94,129,40,0),
 ( @ENTRY20,3277,235,129,80,0),
 ( @ENTRY20,3278,941,129,115,0),
 ( @ENTRY20,7924,941,129,125,0),
 ( @ENTRY20,7928,4705,129,150,0),
 ( @ENTRY20,7929,4705,129,180,0),
 ( @ENTRY20,7934,235,129,80,0),
 ( @ENTRY20,10840,9411,129,210,0),
 ( @ENTRY20,10841,9411,129,240,0),
 ( @ENTRY20,10846,23529,129,225,35),
 ( @ENTRY20,18629,18823,129,260,0),
 ( @ENTRY20,18630,18823,129,290,0),
 ( @ENTRY20,27028,94117,129,275,50),
 ( @ENTRY20,27032,18823,129,300,0),
 ( @ENTRY20,27033,37647,129,330,0),
 ( @ENTRY20,45542,141176,129,350,65),
 ( @ENTRY20,45545,37647,129,350,0),
 ( @ENTRY20,45546,56470,129,400,0),
 ( @ENTRY21,3922,102,202,30,0),
 ( @ENTRY21,3923,115,202,30,0),
 ( @ENTRY21,3924,133,202,50,0),
 ( @ENTRY21,3925,133,202,50,0),
 ( @ENTRY21,3926,200,202,65,0),
 ( @ENTRY21,3929,222,202,75,0),
 ( @ENTRY21,3931,222,202,75,0),
 ( @ENTRY21,3932,266,202,85,0),
 ( @ENTRY21,3934,355,202,100,0),
 ( @ENTRY21,3936,373,202,105,0),
 ( @ENTRY21,3937,400,202,105,0),
 ( @ENTRY21,3938,400,202,105,0),
 ( @ENTRY21,3941,444,202,120,0),
 ( @ENTRY21,3942,444,202,125,0),
 ( @ENTRY21,3945,444,202,125,0),
 ( @ENTRY21,3946,444,202,125,0),
 ( @ENTRY21,3949,488,202,130,0),
 ( @ENTRY21,3950,533,202,140,0),
 ( @ENTRY21,3953,533,202,145,0),
 ( @ENTRY21,3955,666,202,150,0),
 ( @ENTRY21,3956,666,202,150,0),
 ( @ENTRY21,3958,711,202,160,0),
 ( @ENTRY21,3961,800,202,170,0),
 ( @ENTRY21,3962,888,202,175,0),
 ( @ENTRY21,3963,888,202,175,0),
 ( @ENTRY21,3965,1066,202,185,0),
 ( @ENTRY21,3967,1244,202,190,0),
 ( @ENTRY21,3973,266,202,90,0),
 ( @ENTRY21,3977,177,202,60,0),
 ( @ENTRY21,3978,422,202,110,0),
 ( @ENTRY21,4036,9,202,0,5),
 ( @ENTRY21,4037,444,202,50,10),
 ( @ENTRY21,4038,4444,202,125,20),
 ( @ENTRY21,6458,355,202,135,0),
 ( @ENTRY21,7430,133,202,50,0),
 ( @ENTRY21,8334,266,202,100,0),
 ( @ENTRY21,9271,444,202,150,0),
 ( @ENTRY21,12584,888,202,150,0),
 ( @ENTRY21,12585,888,202,175,0),
 ( @ENTRY21,12586,888,202,175,0),
 ( @ENTRY21,12589,1155,202,195,0),
 ( @ENTRY21,12590,888,202,175,0),
 ( @ENTRY21,12591,1333,202,200,0),
 ( @ENTRY21,12594,1422,202,205,0),
 ( @ENTRY21,12595,1422,202,205,0),
 ( @ENTRY21,12599,1600,202,215,0),
 ( @ENTRY21,12603,1600,202,215,0),
 ( @ENTRY21,12615,2222,202,225,0),
 ( @ENTRY21,12618,1955,202,230,0),
 ( @ENTRY21,12619,2133,202,235,0),
 ( @ENTRY21,12622,2488,202,245,0),
 ( @ENTRY21,12656,44444,202,200,35),
 ( @ENTRY21,15255,1333,202,200,0),
 ( @ENTRY21,19567,3555,202,250,0),
 ( @ENTRY21,19788,3555,202,250,0),
 ( @ENTRY21,19790,8888,202,260,0),
 ( @ENTRY21,19791,4444,202,260,0),
 ( @ENTRY21,19792,8888,202,260,0),
 ( @ENTRY21,19794,17777,202,270,0),
 ( @ENTRY21,19795,8888,202,275,0),
 ( @ENTRY21,19825,17777,202,290,0),
 ( @ENTRY21,23070,4444,202,250,0),
 ( @ENTRY21,23071,4444,202,260,0),
 ( @ENTRY21,30303,8888,202,300,0),
 ( @ENTRY21,30304,8888,202,300,0),
 ( @ENTRY21,30305,8888,202,300,0),
 ( @ENTRY21,30306,17777,202,325,0),
 ( @ENTRY21,30307,44444,202,340,0),
 ( @ENTRY21,30308,44444,202,340,0),
 ( @ENTRY21,30309,44444,202,340,0),
 ( @ENTRY21,30310,13333,202,300,0),
 ( @ENTRY21,30311,22222,202,325,0),
 ( @ENTRY21,30312,17777,202,320,0),
 ( @ENTRY21,30350,88888,202,275,50),
 ( @ENTRY21,39971,17777,202,335,0),
 ( @ENTRY21,40274,50000,202,350,0),
 ( @ENTRY21,41307,44444,202,375,0),
 ( @ENTRY21,41311,50000,202,350,0),
 ( @ENTRY21,41312,50000,202,350,0),
 ( @ENTRY21,41314,44444,202,350,0),
 ( @ENTRY21,41315,44444,202,350,0),
 ( @ENTRY21,41316,44444,202,350,0),
 ( @ENTRY21,41317,42105,202,350,0),
 ( @ENTRY21,41318,50000,202,350,0),
 ( @ENTRY21,41319,50000,202,350,0),
 ( @ENTRY21,41320,47058,202,350,0),
 ( @ENTRY21,41321,44444,202,350,0),
 ( @ENTRY21,44155,53333,202,300,0),
 ( @ENTRY21,44157,160000,202,375,70),
 ( @ENTRY21,51306,311111,202,350,65),
 ( @ENTRY21,53281,44444,202,350,0),
 ( @ENTRY21,54353,111111,202,400,0),
 ( @ENTRY21,54736,88888,202,390,0),
 ( @ENTRY21,54793,88888,202,380,0),
 ( @ENTRY21,54998,111111,202,400,0),
 ( @ENTRY21,54999,111111,202,400,0),
 ( @ENTRY21,55002,88888,202,380,0),
 ( @ENTRY21,55016,111111,202,405,0),
 ( @ENTRY21,56349,44444,202,350,0),
 ( @ENTRY21,56459,88888,202,375,0),
 ( @ENTRY21,56460,44444,202,350,0),
 ( @ENTRY21,56461,88888,202,375,0),
 ( @ENTRY21,56462,133333,202,435,0),
 ( @ENTRY21,56463,88888,202,375,0),
 ( @ENTRY21,56464,88888,202,375,0),
 ( @ENTRY21,56465,117647,202,420,0),
 ( @ENTRY21,56466,111111,202,420,0),
 ( @ENTRY21,56467,111111,202,420,0),
 ( @ENTRY21,56468,111111,202,405,0),
 ( @ENTRY21,56469,133333,202,425,0),
 ( @ENTRY21,56470,133333,202,425,0),
 ( @ENTRY21,56471,88888,202,390,0),
 ( @ENTRY21,56472,133333,202,425,0),
 ( @ENTRY21,56476,111111,202,410,0),
 ( @ENTRY21,56477,111111,202,415,0),
 ( @ENTRY21,56478,177777,202,430,0),
 ( @ENTRY21,56479,177777,202,450,0),
 ( @ENTRY21,56480,150000,202,440,0),
 ( @ENTRY21,56481,126315,202,440,0),
 ( @ENTRY21,56483,150000,202,440,0),
 ( @ENTRY21,56484,141176,202,440,0),
 ( @ENTRY21,56486,150000,202,440,0),
 ( @ENTRY21,56487,133333,202,440,0),
 ( @ENTRY21,56574,133333,202,440,0),
 ( @ENTRY21,60874,177777,202,450,0),
 ( @ENTRY21,61471,88888,202,390,0),
 ( @ENTRY21,61481,105263,202,420,0),
 ( @ENTRY21,61482,111111,202,420,0),
 ( @ENTRY21,61483,125000,202,420,0),
 ( @ENTRY21,62271,150000,202,440,0),
 ( @ENTRY21,63750,4444,202,250,0),
 ( @ENTRY21,63770,111111,202,400,0),
 ( @ENTRY21,67326,88888,202,410,0),
 ( @ENTRY21,67839,88888,202,410,0),
 ( @ENTRY21,67920,133333,202,435,0),
 ( @ENTRY22,7411,9,333,0,5),
 ( @ENTRY22,7412,444,333,50,10),
 ( @ENTRY22,7413,4444,333,125,20),
 ( @ENTRY22,7420,44,333,15,0),
 ( @ENTRY22,7426,88,333,40,0),
 ( @ENTRY22,7454,88,333,45,0),
 ( @ENTRY22,7457,222,333,50,0),
 ( @ENTRY22,7745,444,333,100,0),
 ( @ENTRY22,7748,222,333,60,0),
 ( @ENTRY22,7771,177,333,90,0),
 ( @ENTRY22,7779,355,333,80,0),
 ( @ENTRY22,7788,444,333,90,0),
 ( @ENTRY22,7795,888,333,100,0),
 ( @ENTRY22,7857,888,333,120,0),
 ( @ENTRY22,7861,1111,333,125,0),
 ( @ENTRY22,7863,1244,333,125,0),
 ( @ENTRY22,13378,533,333,105,0),
 ( @ENTRY22,13421,711,333,115,0),
 ( @ENTRY22,13485,1333,333,130,0),
 ( @ENTRY22,13501,1333,333,130,0),
 ( @ENTRY22,13503,1777,333,140,0),
 ( @ENTRY22,13529,2133,333,145,0),
 ( @ENTRY22,13538,2222,333,140,0),
 ( @ENTRY22,13607,2133,333,145,0),
 ( @ENTRY22,13622,2222,333,150,0),
 ( @ENTRY22,13626,2222,333,150,0),
 ( @ENTRY22,13628,2222,333,150,0),
 ( @ENTRY22,13631,2311,333,155,0),
 ( @ENTRY22,13635,2311,333,155,0),
 ( @ENTRY22,13637,2488,333,160,0),
 ( @ENTRY22,13640,2400,333,160,0),
 ( @ENTRY22,13642,2488,333,165,0),
 ( @ENTRY22,13644,2488,333,170,0),
 ( @ENTRY22,13648,2488,333,170,0),
 ( @ENTRY22,13657,2666,333,175,0),
 ( @ENTRY22,13659,2844,333,180,0),
 ( @ENTRY22,13661,3200,333,180,0),
 ( @ENTRY22,13663,3377,333,185,0),
 ( @ENTRY22,13693,3555,333,195,0),
 ( @ENTRY22,13695,3555,333,200,0),
 ( @ENTRY22,13700,3555,333,200,0),
 ( @ENTRY22,13702,3555,333,200,0),
 ( @ENTRY22,13746,3733,333,205,0),
 ( @ENTRY22,13794,3733,333,205,0),
 ( @ENTRY22,13815,3911,333,210,0),
 ( @ENTRY22,13822,3911,333,210,0),
 ( @ENTRY22,13836,4088,333,215,0),
 ( @ENTRY22,13858,4266,333,220,0),
 ( @ENTRY22,13887,4444,333,225,0),
 ( @ENTRY22,13890,4444,333,225,0),
 ( @ENTRY22,13905,4800,333,230,0),
 ( @ENTRY22,13917,4800,333,230,0),
 ( @ENTRY22,13920,44444,333,200,35),
 ( @ENTRY22,13935,5155,333,235,0),
 ( @ENTRY22,13937,5511,333,240,0),
 ( @ENTRY22,13939,5511,333,240,0),
 ( @ENTRY22,13941,5511,333,245,0),
 ( @ENTRY22,13943,5511,333,245,0),
 ( @ENTRY22,13948,5777,333,250,0),
 ( @ENTRY22,14293,44,333,10,0),
 ( @ENTRY22,14807,177,333,70,0),
 ( @ENTRY22,14809,2311,333,155,0),
 ( @ENTRY22,14810,2666,333,175,0),
 ( @ENTRY22,17180,8888,333,250,0),
 ( @ENTRY22,17181,8888,333,250,0),
 ( @ENTRY22,20008,8888,333,255,0),
 ( @ENTRY22,20012,8888,333,270,0),
 ( @ENTRY22,20013,17777,333,295,0),
 ( @ENTRY22,20014,8888,333,265,0),
 ( @ENTRY22,20016,13333,333,280,0),
 ( @ENTRY22,20023,17777,333,295,0),
 ( @ENTRY22,20028,13333,333,290,0),
 ( @ENTRY22,27899,11111,333,305,35),
 ( @ENTRY22,27905,11111,333,315,35),
 ( @ENTRY22,27944,13333,333,310,35),
 ( @ENTRY22,27957,15555,333,315,35),
 ( @ENTRY22,27958,44444,333,325,60),
 ( @ENTRY22,27961,13333,333,310,35),
 ( @ENTRY22,28027,35555,333,325,0),
 ( @ENTRY22,28028,71111,333,350,0),
 ( @ENTRY22,28029,88888,333,275,35),
 ( @ENTRY22,32664,8888,333,300,0),
 ( @ENTRY22,32667,44444,333,375,35),
 ( @ENTRY22,33990,17777,333,320,35),
 ( @ENTRY22,33991,17777,333,300,35),
 ( @ENTRY22,33993,11111,333,305,35),
 ( @ENTRY22,33995,22222,333,340,35),
 ( @ENTRY22,33996,13333,333,310,35),
 ( @ENTRY22,34001,11111,333,305,35),
 ( @ENTRY22,34002,11111,333,300,35),
 ( @ENTRY22,34004,13333,333,310,35),
 ( @ENTRY22,42613,8888,333,300,35),
 ( @ENTRY22,42615,35555,333,335,0),
 ( @ENTRY22,44383,22222,333,330,35),
 ( @ENTRY22,44484,133333,333,405,60),
 ( @ENTRY22,44488,133333,333,410,60),
 ( @ENTRY22,44489,133333,333,420,60),
 ( @ENTRY22,44492,88888,333,395,60),
 ( @ENTRY22,44500,88888,333,400,60),
 ( @ENTRY22,44506,44444,333,375,60),
 ( @ENTRY22,44508,133333,333,410,60),
 ( @ENTRY22,44509,133333,333,420,60),
 ( @ENTRY22,44510,133333,333,400,60),
 ( @ENTRY22,44513,88888,333,420,60),
 ( @ENTRY22,44528,80000,333,385,60),
 ( @ENTRY22,44529,133333,333,415,60),
 ( @ENTRY22,44555,44444,333,375,60),
 ( @ENTRY22,44582,88888,333,395,60),
 ( @ENTRY22,44584,133333,333,405,60),
 ( @ENTRY22,44589,133333,333,410,60),
 ( @ENTRY22,44592,44444,333,360,60),
 ( @ENTRY22,44593,133333,333,400,60),
 ( @ENTRY22,44598,133333,333,420,60),
 ( @ENTRY22,44616,88888,333,400,60),
 ( @ENTRY22,44623,44444,333,370,60),
 ( @ENTRY22,44629,88888,333,395,60),
 ( @ENTRY22,44630,71111,333,410,60),
 ( @ENTRY22,44633,133333,333,420,60),
 ( @ENTRY22,44635,88888,333,395,60),
 ( @ENTRY22,44636,88888,333,400,0),
 ( @ENTRY22,44645,88888,333,400,0),
 ( @ENTRY22,47766,88888,333,400,60),
 ( @ENTRY22,47900,133333,333,425,60),
 ( @ENTRY22,51313,311111,333,350,65),
 ( @ENTRY22,59636,88888,333,400,0),
 ( @ENTRY22,60606,44444,333,375,60),
 ( @ENTRY22,60609,44444,333,350,60),
 ( @ENTRY22,60616,44444,333,360,60),
 ( @ENTRY22,60619,133333,333,425,0),
 ( @ENTRY22,60621,71111,333,380,60),
 ( @ENTRY22,60623,80000,333,385,60),
 ( @ENTRY22,60653,88888,333,395,60),
 ( @ENTRY22,60663,133333,333,420,60),
 ( @ENTRY22,60668,133333,333,425,60),
 ( @ENTRY22,62959,80000,333,385,60),
 ( @ENTRY22,63746,4444,333,225,0),
 ( @ENTRY22,69412,133333,333,445,0),
 ( @ENTRY23,2539,42,185,10,0),
 ( @ENTRY23,2541,84,185,50,0),
 ( @ENTRY23,2544,168,185,75,0),
 ( @ENTRY23,2546,126,185,80,0),
 ( @ENTRY23,2550,84,185,0,0),
 ( @ENTRY23,3102,421,185,50,0),
 ( @ENTRY23,3413,8421,185,125,0),
 ( @ENTRY23,4094,421,185,175,0),
 ( @ENTRY23,6499,84,185,50,0),
 ( @ENTRY23,6500,252,185,125,0),
 ( @ENTRY23,18260,21052,185,200,0),
 ( @ENTRY23,21175,3368,185,200,0),
 ( @ENTRY23,33359,84210,185,275,0),
 ( @ENTRY23,37836,9,185,1,0),
 ( @ENTRY23,42296,12631,185,320,0),
 ( @ENTRY23,42302,16842,185,350,0),
 ( @ENTRY23,42305,16842,185,350,0),
 ( @ENTRY23,45549,16842,185,350,0),
 ( @ENTRY23,45550,16842,185,350,0),
 ( @ENTRY23,45551,16842,185,350,0),
 ( @ENTRY23,45552,16842,185,350,0),
 ( @ENTRY23,45553,16842,185,350,0),
 ( @ENTRY23,45554,42105,185,375,0),
 ( @ENTRY23,45560,8421,185,350,0),
 ( @ENTRY23,45561,8421,185,350,0),
 ( @ENTRY23,45562,8421,185,350,0),
 ( @ENTRY23,45563,16842,185,350,0),
 ( @ENTRY23,45564,16842,185,350,0),
 ( @ENTRY23,45565,16842,185,350,0),
 ( @ENTRY23,45566,16842,185,350,0),
 ( @ENTRY23,45569,16842,185,350,0),
 ( @ENTRY23,51296,294736,185,350,0),
 ( @ENTRY23,58065,16842,185,350,0),
 ( @ENTRY23,64358,42105,185,400,0),
 ( @ENTRY24,2018,9,164,0,5),
 ( @ENTRY24,2661,88,164,35,0),
 ( @ENTRY24,2662,44,164,1,0),
 ( @ENTRY24,2664,444,164,90,0),
 ( @ENTRY24,2665,88,164,65,0),
 ( @ENTRY24,2666,177,164,70,0),
 ( @ENTRY24,2668,266,164,105,0),
 ( @ENTRY24,2670,444,164,105,0),
 ( @ENTRY24,2672,444,164,120,0),
 ( @ENTRY24,2674,888,164,125,0),
 ( @ENTRY24,2675,888,164,145,0),
 ( @ENTRY24,2737,44,164,15,0),
 ( @ENTRY24,2738,44,164,20,0),
 ( @ENTRY24,2739,44,164,25,0),
 ( @ENTRY24,2740,177,164,110,0),
 ( @ENTRY24,2741,177,164,115,0),
 ( @ENTRY24,2742,177,164,120,0),
 ( @ENTRY24,3100,444,164,50,10),
 ( @ENTRY24,3116,88,164,65,0),
 ( @ENTRY24,3117,888,164,125,0),
 ( @ENTRY24,3292,444,164,95,0),
 ( @ENTRY24,3293,222,164,35,0),
 ( @ENTRY24,3294,444,164,70,0),
 ( @ENTRY24,3296,888,164,130,0),
 ( @ENTRY24,3319,44,164,20,0),
 ( @ENTRY24,3320,88,164,25,0),
 ( @ENTRY24,3323,88,164,40,0),
 ( @ENTRY24,3324,177,164,45,0),
 ( @ENTRY24,3326,222,164,75,0),
 ( @ENTRY24,3328,444,164,110,0),
 ( @ENTRY24,3331,444,164,130,0),
 ( @ENTRY24,3333,888,164,135,0),
 ( @ENTRY24,3337,888,164,125,0),
 ( @ENTRY24,3491,533,164,105,0),
 ( @ENTRY24,3501,888,164,165,0),
 ( @ENTRY24,3502,1111,164,170,0),
 ( @ENTRY24,3506,4444,164,155,0),
 ( @ENTRY24,3508,6666,164,180,0),
 ( @ENTRY24,3538,4444,164,125,20),
 ( @ENTRY24,6517,711,164,110,0),
 ( @ENTRY24,7223,888,164,185,0),
 ( @ENTRY24,7408,266,164,65,0),
 ( @ENTRY24,7817,177,164,95,0),
 ( @ENTRY24,7818,88,164,100,0),
 ( @ENTRY24,8768,222,164,150,0),
 ( @ENTRY24,8880,88,164,30,0),
 ( @ENTRY24,9785,44444,164,200,35),
 ( @ENTRY24,9916,2222,164,200,0),
 ( @ENTRY24,9918,2222,164,200,0),
 ( @ENTRY24,9920,2222,164,200,0),
 ( @ENTRY24,9921,2222,164,200,0),
 ( @ENTRY24,9926,4444,164,205,0),
 ( @ENTRY24,9928,4444,164,205,0),
 ( @ENTRY24,9931,4444,164,210,0),
 ( @ENTRY24,9935,4444,164,215,0),
 ( @ENTRY24,9959,13333,164,230,0),
 ( @ENTRY24,9961,13333,164,230,0),
 ( @ENTRY24,9968,17777,164,235,0),
 ( @ENTRY24,9983,88,164,30,0),
 ( @ENTRY24,9985,222,164,125,0),
 ( @ENTRY24,9986,444,164,130,0),
 ( @ENTRY24,9987,444,164,135,0),
 ( @ENTRY24,9993,8888,164,210,0),
 ( @ENTRY24,10001,13333,164,230,0),
 ( @ENTRY24,14379,222,164,150,0),
 ( @ENTRY24,14380,2222,164,200,0),
 ( @ENTRY24,15972,6666,164,180,0),
 ( @ENTRY24,16639,8888,164,250,0),
 ( @ENTRY24,16640,8888,164,250,0),
 ( @ENTRY24,16641,8888,164,250,0),
 ( @ENTRY24,16642,8888,164,250,0),
 ( @ENTRY24,16643,8888,164,250,0),
 ( @ENTRY24,16644,8888,164,255,0),
 ( @ENTRY24,16646,8888,164,265,0),
 ( @ENTRY24,16647,8888,164,265,0),
 ( @ENTRY24,16649,8888,164,270,0),
 ( @ENTRY24,16652,8888,164,280,0),
 ( @ENTRY24,16653,8888,164,280,0),
 ( @ENTRY24,16657,8888,164,295,0),
 ( @ENTRY24,16658,8888,164,295,0),
 ( @ENTRY24,16662,10666,164,300,0),
 ( @ENTRY24,16663,10666,164,300,0),
 ( @ENTRY24,16730,10666,164,300,0),
 ( @ENTRY24,16969,13333,164,275,0),
 ( @ENTRY24,16971,13333,164,280,0),
 ( @ENTRY24,19666,88,164,100,0),
 ( @ENTRY24,19667,222,164,150,0),
 ( @ENTRY24,19668,2222,164,200,0),
 ( @ENTRY24,19669,8888,164,275,0),
 ( @ENTRY24,20201,8888,164,275,0),
 ( @ENTRY24,29545,13333,164,300,0),
 ( @ENTRY24,29547,13333,164,305,0),
 ( @ENTRY24,29548,17777,164,315,0),
 ( @ENTRY24,29549,17777,164,315,0),
 ( @ENTRY24,29550,22222,164,325,0),
 ( @ENTRY24,29551,13333,164,300,0),
 ( @ENTRY24,29552,16000,164,310,0),
 ( @ENTRY24,29553,17777,164,315,0),
 ( @ENTRY24,29556,19555,164,320,0),
 ( @ENTRY24,29557,16000,164,310,0),
 ( @ENTRY24,29558,17777,164,315,0),
 ( @ENTRY24,29565,19555,164,320,0),
 ( @ENTRY24,29654,13333,164,300,0),
 ( @ENTRY24,29844,88888,164,275,50),
 ( @ENTRY24,32284,22222,164,325,0),
 ( @ENTRY24,32655,8888,164,300,0),
 ( @ENTRY24,34607,13333,164,300,0),
 ( @ENTRY24,34979,533,164,100,0),
 ( @ENTRY24,34981,6666,164,200,0),
 ( @ENTRY24,34982,8888,164,300,0),
 ( @ENTRY24,34983,44444,164,350,0),
 ( @ENTRY24,51300,311111,164,350,65),
 ( @ENTRY24,52567,26666,164,370,0),
 ( @ENTRY24,52568,26666,164,350,0),
 ( @ENTRY24,52569,26666,164,350,0),
 ( @ENTRY24,52570,26666,164,375,0),
 ( @ENTRY24,52571,26666,164,370,0),
 ( @ENTRY24,52572,26666,164,360,0),
 ( @ENTRY24,54550,26666,164,360,0),
 ( @ENTRY24,54551,35555,164,395,0),
 ( @ENTRY24,54552,35555,164,400,0),
 ( @ENTRY24,54553,35555,164,400,0),
 ( @ENTRY24,54554,35555,164,395,0),
 ( @ENTRY24,54555,35555,164,405,0),
 ( @ENTRY24,54556,35555,164,405,0),
 ( @ENTRY24,54557,35555,164,390,0),
 ( @ENTRY24,54917,26666,164,375,0),
 ( @ENTRY24,54918,26666,164,380,0),
 ( @ENTRY24,54941,26666,164,385,0),
 ( @ENTRY24,54944,26666,164,385,0),
 ( @ENTRY24,54945,31111,164,390,0),
 ( @ENTRY24,54946,26666,164,395,0),
 ( @ENTRY24,54947,31111,164,395,0),
 ( @ENTRY24,54948,26666,164,400,0),
 ( @ENTRY24,54949,26666,164,400,0),
 ( @ENTRY24,55013,35555,164,390,0),
 ( @ENTRY24,55014,31111,164,410,0),
 ( @ENTRY24,55015,35555,164,415,0),
 ( @ENTRY24,55017,35555,164,410,0),
 ( @ENTRY24,55055,35555,164,395,0),
 ( @ENTRY24,55056,35555,164,400,0),
 ( @ENTRY24,55057,35555,164,405,0),
 ( @ENTRY24,55058,40000,164,415,0),
 ( @ENTRY24,55174,44444,164,390,0),
 ( @ENTRY24,55177,44444,164,395,0),
 ( @ENTRY24,55179,44444,164,400,0),
 ( @ENTRY24,55181,44444,164,405,0),
 ( @ENTRY24,55182,35555,164,410,0),
 ( @ENTRY24,55185,40000,164,415,0),
 ( @ENTRY24,55200,31111,164,380,0),
 ( @ENTRY24,55201,31111,164,380,0),
 ( @ENTRY24,55202,31111,164,385,0),
 ( @ENTRY24,55203,31111,164,385,0),
 ( @ENTRY24,55204,31111,164,390,0),
 ( @ENTRY24,55206,35555,164,405,0),
 ( @ENTRY24,55298,40000,164,420,0),
 ( @ENTRY24,55300,40000,164,420,0),
 ( @ENTRY24,55301,40000,164,420,0),
 ( @ENTRY24,55302,40000,164,425,0),
 ( @ENTRY24,55303,40000,164,425,0),
 ( @ENTRY24,55304,40000,164,425,0),
 ( @ENTRY24,55305,40000,164,420,0),
 ( @ENTRY24,55306,40000,164,420,0),
 ( @ENTRY24,55307,40000,164,420,0),
 ( @ENTRY24,55308,40000,164,420,0),
 ( @ENTRY24,55309,40000,164,420,0),
 ( @ENTRY24,55310,40000,164,425,0),
 ( @ENTRY24,55311,40000,164,425,0),
 ( @ENTRY24,55312,40000,164,425,0),
 ( @ENTRY24,55369,160000,164,440,0),
 ( @ENTRY24,55370,133333,164,440,0),
 ( @ENTRY24,55371,133333,164,440,0),
 ( @ENTRY24,55372,106666,164,440,0),
 ( @ENTRY24,55373,106666,164,440,0),
 ( @ENTRY24,55374,106666,164,440,0),
 ( @ENTRY24,55375,106666,164,440,0),
 ( @ENTRY24,55376,106666,164,440,0),
 ( @ENTRY24,55377,106666,164,440,0),
 ( @ENTRY24,55628,40000,164,400,0),
 ( @ENTRY24,55641,40000,164,400,60),
 ( @ENTRY24,55656,44444,164,415,0),
 ( @ENTRY24,55732,37333,164,420,0),
 ( @ENTRY24,55834,26666,164,360,0),
 ( @ENTRY24,55835,26666,164,370,0),
 ( @ENTRY24,55839,37333,164,420,0),
 ( @ENTRY24,56234,133333,164,440,0),
 ( @ENTRY24,56280,35555,164,410,0),
 ( @ENTRY24,56357,37333,164,420,0),
 ( @ENTRY24,56400,133333,164,440,0),
 ( @ENTRY24,56549,40000,164,420,0),
 ( @ENTRY24,56550,40000,164,420,0),
 ( @ENTRY24,56551,40000,164,420,0),
 ( @ENTRY24,56552,40000,164,420,0),
 ( @ENTRY24,56553,40000,164,420,0),
 ( @ENTRY24,56554,40000,164,425,0),
 ( @ENTRY24,56555,40000,164,425,0),
 ( @ENTRY24,56556,40000,164,425,0),
 ( @ENTRY24,59405,26666,164,350,0),
 ( @ENTRY24,59406,40000,164,430,0),
 ( @ENTRY24,59436,35555,164,395,0),
 ( @ENTRY24,59438,35555,164,400,0),
 ( @ENTRY24,59440,35555,164,405,0),
 ( @ENTRY24,59441,40000,164,415,0),
 ( @ENTRY24,59442,35555,164,410,0),
 ( @ENTRY24,61008,106666,164,425,0),
 ( @ENTRY24,61009,106666,164,420,0),
 ( @ENTRY24,61010,106666,164,420,0),
 ( @ENTRY24,63182,133333,164,440,0),
 ( @ENTRY26,11448,8470,171,205,0),
 ( @ENTRY26,11449,6117,171,185,0),
 ( @ENTRY26,11450,7058,171,195,0),
 ( @ENTRY26,11451,7529,171,205,0),
 ( @ENTRY26,11457,9411,171,215,0),
 ( @ENTRY26,11460,4705,171,230,0),
 ( @ENTRY26,11461,9411,171,235,0),
 ( @ENTRY26,11465,11294,171,235,0),
 ( @ENTRY26,11467,11294,171,240,0),
 ( @ENTRY26,11478,13176,171,250,0),
 ( @ENTRY26,11611,47058,171,200,35),
 ( @ENTRY26,12609,7529,171,200,0),
 ( @ENTRY26,15833,9411,171,230,0),
 ( @ENTRY26,17551,14117,171,250,0),
 ( @ENTRY26,17552,14117,171,255,0),
 ( @ENTRY26,17553,14117,171,260,0),
 ( @ENTRY26,17555,14117,171,270,0),
 ( @ENTRY26,17556,18823,171,275,0),
 ( @ENTRY26,17557,18823,171,275,0),
 ( @ENTRY26,17572,18823,171,285,0),
 ( @ENTRY26,17573,18823,171,285,0),
 ( @ENTRY26,2259,10,171,0,5),
 ( @ENTRY26,2275,10,0,0,5),
 ( @ENTRY26,2280,500,171,50,10),
 ( @ENTRY26,22808,9411,171,215,0),
 ( @ENTRY26,2331,94,171,25,0),
 ( @ENTRY26,2332,141,171,40,0),
 ( @ENTRY26,2334,235,171,50,0),
 ( @ENTRY26,2337,941,171,55,0),
 ( @ENTRY26,28544,23529,171,305,0),
 ( @ENTRY26,28545,23529,171,310,0),
 ( @ENTRY26,28551,47058,171,325,0),
 ( @ENTRY26,28596,94117,171,275,50),
 ( @ENTRY26,28597,100000,171,275,50),
 ( @ENTRY26,3101,470,171,50,10),
 ( @ENTRY26,3170,47,171,15,0),
 ( @ENTRY26,3171,470,171,90,0),
 ( @ENTRY26,3173,1411,171,120,0),
 ( @ENTRY26,3176,1411,171,125,0),
 ( @ENTRY26,3177,1882,171,130,0),
 ( @ENTRY26,33732,18823,171,300,0),
 ( @ENTRY26,33733,23529,171,310,0),
 ( @ENTRY26,33738,18823,171,300,0),
 ( @ENTRY26,33740,18823,171,300,0),
 ( @ENTRY26,33741,28235,171,315,0),
 ( @ENTRY26,3447,3764,171,110,0),
 ( @ENTRY26,3448,4705,171,165,0),
 ( @ENTRY26,3450,5647,171,175,0),
 ( @ENTRY26,3452,4705,171,160,0),
 ( @ENTRY26,3464,4705,171,125,20),
 ( @ENTRY26,38070,18823,171,325,0),
 ( @ENTRY26,39636,23529,171,310,0),
 ( @ENTRY26,39638,28235,171,320,0),
 ( @ENTRY26,45061,32941,171,325,0),
 ( @ENTRY26,51304,329411,171,350,65),
 ( @ENTRY26,53042,1000,171,50,0),
 ( @ENTRY26,53812,56470,171,375,0),
 ( @ENTRY26,53836,141176,171,405,0),
 ( @ENTRY26,53837,141176,171,410,0),
 ( @ENTRY26,53838,37647,171,350,0),
 ( @ENTRY26,53839,37647,171,360,0),
 ( @ENTRY26,53840,112941,171,395,0),
 ( @ENTRY26,53841,37647,171,355,0),
 ( @ENTRY26,53842,37647,171,365,0),
 ( @ENTRY26,53847,61176,171,385,0),
 ( @ENTRY26,53848,56470,171,375,0),
 ( @ENTRY26,53898,112941,171,390,0),
 ( @ENTRY26,53899,56470,171,375,0),
 ( @ENTRY26,53900,112941,171,380,0),
 ( @ENTRY26,53901,169411,171,435,0),
 ( @ENTRY26,53902,141176,171,435,0),
 ( @ENTRY26,53903,169411,171,435,0),
 ( @ENTRY26,53905,112941,171,395,0),
 ( @ENTRY26,54213,141176,171,435,0),
 ( @ENTRY26,54218,112941,171,385,0),
 ( @ENTRY26,57425,141176,171,430,45),
 ( @ENTRY26,57427,141176,171,425,45),
 ( @ENTRY26,58868,141176,171,410,0),
 ( @ENTRY26,58871,141176,171,410,0),
 ( @ENTRY26,60350,141176,171,395,45),
 ( @ENTRY26,60367,112941,171,395,0),
 ( @ENTRY26,60396,188235,171,400,0),
 ( @ENTRY26,60403,188235,171,400,0),
 ( @ENTRY26,60405,188235,171,400,0),
 ( @ENTRY26,60893,188235,171,400,0),
 ( @ENTRY26,62213,112941,171,385,0),
 ( @ENTRY26,62409,56470,171,375,0),
 ( @ENTRY26,63732,1882,171,135,0),
 ( @ENTRY26,66658,188235,171,450,45),
 ( @ENTRY26,66660,188235,171,450,45),
 ( @ENTRY26,66662,188235,171,450,45),
 ( @ENTRY26,66663,188235,171,450,45),
 ( @ENTRY26,66664,188235,171,450,45),
 ( @ENTRY26,67025,94117,171,425,0),
 ( @ENTRY26,7179,423,171,90,0),
 ( @ENTRY26,7181,4705,171,155,0),
 ( @ENTRY26,7836,235,171,80,0),
 ( @ENTRY26,7837,941,171,130,0),
 ( @ENTRY26,7841,941,171,100,0),
 ( @ENTRY26,7845,2823,171,140,0);