SET
@ENTRY      := 300500,
@BUY_PRICE  := 10000000,
@SELL_PRICE := 25000;

REPLACE INTO `creature_template` VALUES
 (@ENTRY, '0', '0', '0', '0', '0', '1460', '0', '0', '0', 'ULD + TOC + ICC Plans', 'Vendor', '', '0', '88', '88', '3', '35', '35', '4225', '1', '1.14286', '0.15', '0', '1', '1', '1', '1', '1', '1', '1', '1', '258', '0', '8', '0', '0', '0', '0', '0', '1', '1', '1', '7', '4', '0', '0', '0', '0', '0', '0', '0', '0', '0', '0', '0', '0', '0', '0', '0', '0', '0', '0', '0', '0', '0', '', '0', '7', '1', '1', '1', '1', '0', '0', '0', '0', '0', '0', '0', '0', '1', '0', '0', '0', '1');

REPLACE INTO `item_template` VALUES
  ('45088', '9', '4', '-1', 'Plans: Belt of the Titans', '1096', '4', '4160', '0', '1', @SELL_PRICE , @SELL_PRICE , '0', '-1', '-1', '85', '0', '164', '450', '0', '0', '0', '0', '0', '0', '1', '0', '0', '0', '0', '0', '0', '0', '0', '0', '0', '0', '0', '0', '0', '0', '0', '0', '0', '0', '0', '0', '0', '0', '0', '0', '0', '0', '0', '0', '0', '0', '0', '0', '0', '0', '0', '0', '0', '0', '0', '483', '0', '-1', '0', '-1', '0', '-1', '63187', '6', '0', '0', '-1', '0', '-1', '0', '0', '0', '0', '-1', '0', '-1', '0', '0', '0', '0', '-1', '0', '-1', '0', '0', '0', '0', '-1', '0', '-1', '0', 'Teaches you how to forge a Belt of the Titans.', '0', '0', '0', '0', '0', '4', '0', '0', '0', '0', '0', '0', '0', '0', '0', '0', '0', '0', '0', '0', '0', '0', '0', '0', '-1', '0', '0', '0', '0', '', '0', '0', '0', '0', '0', '12340'),
  ('45089', '9', '4', '-1', 'Plans: Battlelord\'s Plate Boots', '1096', '4', '4160', '0', '1', @SELL_PRICE , @SELL_PRICE , '0', '-1', '-1', '85', '0', '164', '450', '0', '0', '0', '0', '0', '0', '1', '0', '0', '0', '0', '0', '0', '0', '0', '0', '0', '0', '0', '0', '0', '0', '0', '0', '0', '0', '0', '0', '0', '0', '0', '0', '0', '0', '0', '0', '0', '0', '0', '0', '0', '0', '0', '0', '0', '0', '0', '483', '0', '-1', '0', '-1', '0', '-1', '63188', '6', '0', '0', '-1', '0', '-1', '0', '0', '0', '0', '-1', '0', '-1', '0', '0', '0', '0', '-1', '0', '-1', '0', '0', '0', '0', '-1', '0', '-1', '0', 'Teaches you how to forge Battlelord\'s Plate Boots.', '0', '0', '0', '0', '0', '4', '0', '0', '0', '0', '0', '0', '0', '0', '0', '0', '0', '0', '0', '0', '0', '0', '0', '0', '-1', '0', '0', '0', '0', '', '0', '0', '0', '0', '0', '12340'),
  ('45090', '9', '4', '-1', 'Plans: Plate Girdle of Righteousness', '1096', '4', '4160', '0', '1', @SELL_PRICE , @SELL_PRICE , '0', '-1', '-1', '85', '0', '164', '450', '0', '0', '0', '0', '0', '0', '1', '0', '0', '0', '0', '0', '0', '0', '0', '0', '0', '0', '0', '0', '0', '0', '0', '0', '0', '0', '0', '0', '0', '0', '0', '0', '0', '0', '0', '0', '0', '0', '0', '0', '0', '0', '0', '0', '0', '0', '0', '483', '0', '-1', '0', '-1', '0', '-1', '63189', '6', '0', '0', '-1', '0', '-1', '0', '0', '0', '0', '-1', '0', '-1', '0', '0', '0', '0', '-1', '0', '-1', '0', '0', '0', '0', '-1', '0', '-1', '0', 'Teaches you how to forge a Plate Girdle of Righteousness.', '0', '0', '0', '0', '0', '4', '0', '0', '0', '0', '0', '0', '0', '0', '0', '0', '0', '0', '0', '0', '0', '0', '0', '0', '-1', '0', '0', '0', '0', '', '0', '0', '0', '0', '0', '12340'),
  ('45091', '9', '4', '-1', 'Plans: Treads of Destiny', '1096', '4', '4160', '0', '1', @SELL_PRICE , @SELL_PRICE , '0', '-1', '-1', '85', '0', '164', '450', '0', '0', '0', '0', '0', '0', '1', '0', '0', '0', '0', '0', '0', '0', '0', '0', '0', '0', '0', '0', '0', '0', '0', '0', '0', '0', '0', '0', '0', '0', '0', '0', '0', '0', '0', '0', '0', '0', '0', '0', '0', '0', '0', '0', '0', '0', '0', '483', '0', '-1', '0', '-1', '0', '-1', '63190', '6', '0', '0', '-1', '0', '-1', '0', '0', '0', '0', '-1', '0', '-1', '0', '0', '0', '0', '-1', '0', '-1', '0', '0', '0', '0', '-1', '0', '-1', '0', 'Teaches you how to forge Treads of Destiny.', '0', '0', '0', '0', '0', '4', '0', '0', '0', '0', '0', '0', '0', '0', '0', '0', '0', '0', '0', '0', '0', '0', '0', '0', '-1', '0', '0', '0', '0', '', '0', '0', '0', '0', '0', '12340'),
  ('45092', '9', '4', '-1', 'Plans: Indestructible Plate Girdle', '1096', '4', '4160', '0', '1', @SELL_PRICE , @SELL_PRICE , '0', '-1', '-1', '85', '0', '164', '450', '0', '0', '0', '0', '0', '0', '1', '0', '0', '0', '0', '0', '0', '0', '0', '0', '0', '0', '0', '0', '0', '0', '0', '0', '0', '0', '0', '0', '0', '0', '0', '0', '0', '0', '0', '0', '0', '0', '0', '0', '0', '0', '0', '0', '0', '0', '0', '483', '0', '-1', '0', '-1', '0', '-1', '63191', '6', '0', '0', '-1', '0', '-1', '0', '0', '0', '0', '-1', '0', '-1', '0', '0', '0', '0', '-1', '0', '-1', '0', '0', '0', '0', '-1', '0', '-1', '0', 'Teaches you how to forge an Indestructible Plate Girdle.', '0', '0', '0', '0', '0', '4', '0', '0', '0', '0', '0', '0', '0', '0', '0', '0', '0', '0', '0', '0', '0', '0', '0', '0', '-1', '0', '0', '0', '0', '', '0', '0', '0', '0', '0', '12340'),
  ('45093', '9', '4', '-1', 'Plans: Spiked Deathdealers', '1096', '4', '4160', '0', '1', @SELL_PRICE , @SELL_PRICE , '0', '-1', '-1', '85', '0', '164', '450', '0', '0', '0', '0', '0', '0', '1', '0', '0', '0', '0', '0', '0', '0', '0', '0', '0', '0', '0', '0', '0', '0', '0', '0', '0', '0', '0', '0', '0', '0', '0', '0', '0', '0', '0', '0', '0', '0', '0', '0', '0', '0', '0', '0', '0', '0', '0', '483', '0', '-1', '0', '-1', '0', '-1', '63192', '6', '0', '0', '-1', '0', '-1', '0', '0', '0', '0', '-1', '0', '-1', '0', '0', '0', '0', '-1', '0', '-1', '0', '0', '0', '0', '-1', '0', '-1', '0', 'Teaches you how to forge Spiked Deathdealers.', '0', '0', '0', '0', '0', '4', '0', '0', '0', '0', '0', '0', '0', '0', '0', '0', '0', '0', '0', '0', '0', '0', '0', '0', '-1', '0', '0', '0', '0', '', '0', '0', '0', '0', '0', '12340'),
  ('45094', '9', '1', '-1', 'Pattern: Belt of Dragons', '1096', '4', '4160', '0', '1', @SELL_PRICE , @SELL_PRICE , '0', '-1', '-1', '85', '0', '165', '450', '0', '0', '0', '0', '0', '0', '1', '0', '0', '0', '0', '0', '0', '0', '0', '0', '0', '0', '0', '0', '0', '0', '0', '0', '0', '0', '0', '0', '0', '0', '0', '0', '0', '0', '0', '0', '0', '0', '0', '0', '0', '0', '0', '0', '0', '0', '0', '483', '0', '-1', '0', '-1', '0', '-1', '63194', '6', '0', '0', '-1', '0', '-1', '0', '0', '0', '0', '-1', '0', '-1', '0', '0', '0', '0', '-1', '0', '-1', '0', '0', '0', '0', '-1', '0', '-1', '0', 'Teaches you how to make a Belt of Dragons.', '0', '0', '0', '0', '0', '4', '0', '0', '0', '0', '0', '0', '0', '0', '8', '0', '0', '0', '0', '0', '0', '0', '0', '0', '-1', '0', '0', '0', '0', '', '0', '0', '0', '0', '0', '12340'),
  ('45095', '9', '1', '-1', 'Pattern: Boots of Living Scale', '1096', '4', '4160', '0', '1', @SELL_PRICE , @SELL_PRICE , '0', '-1', '-1', '85', '0', '165', '450', '0', '0', '0', '0', '0', '0', '1', '0', '0', '0', '0', '0', '0', '0', '0', '0', '0', '0', '0', '0', '0', '0', '0', '0', '0', '0', '0', '0', '0', '0', '0', '0', '0', '0', '0', '0', '0', '0', '0', '0', '0', '0', '0', '0', '0', '0', '0', '483', '0', '-1', '0', '-1', '0', '-1', '63195', '6', '0', '0', '-1', '0', '-1', '0', '0', '0', '0', '-1', '0', '-1', '0', '0', '0', '0', '-1', '0', '-1', '0', '0', '0', '0', '-1', '0', '-1', '0', 'Teaches you how to make Boots of Living Scale.', '0', '0', '0', '0', '0', '4', '0', '0', '0', '0', '0', '0', '0', '0', '8', '0', '0', '0', '0', '0', '0', '0', '0', '0', '-1', '0', '0', '0', '0', '', '0', '0', '0', '0', '0', '12340'),
  ('45096', '9', '1', '-1', 'Pattern: Blue Belt of Chaos', '1096', '4', '4160', '0', '1', @SELL_PRICE , @SELL_PRICE , '0', '-1', '-1', '85', '0', '165', '450', '0', '0', '0', '0', '0', '0', '1', '0', '0', '0', '0', '0', '0', '0', '0', '0', '0', '0', '0', '0', '0', '0', '0', '0', '0', '0', '0', '0', '0', '0', '0', '0', '0', '0', '0', '0', '0', '0', '0', '0', '0', '0', '0', '0', '0', '0', '0', '483', '0', '-1', '0', '-1', '0', '-1', '63196', '6', '0', '0', '-1', '0', '-1', '0', '0', '0', '0', '-1', '0', '-1', '0', '0', '0', '0', '-1', '0', '-1', '0', '0', '0', '0', '-1', '0', '-1', '0', 'Teaches you how to make a Blue Belt of Chaos.', '0', '0', '0', '0', '0', '4', '0', '0', '0', '0', '0', '0', '0', '0', '8', '0', '0', '0', '0', '0', '0', '0', '0', '0', '-1', '0', '0', '0', '0', '', '0', '0', '0', '0', '0', '12340'),
  ('45097', '9', '1', '-1', 'Pattern: Lightning Grounded Boots', '1096', '4', '4160', '0', '1', @SELL_PRICE , @SELL_PRICE , '0', '-1', '-1', '85', '0', '165', '450', '0', '0', '0', '0', '0', '0', '1', '0', '0', '0', '0', '0', '0', '0', '0', '0', '0', '0', '0', '0', '0', '0', '0', '0', '0', '0', '0', '0', '0', '0', '0', '0', '0', '0', '0', '0', '0', '0', '0', '0', '0', '0', '0', '0', '0', '0', '0', '483', '0', '-1', '0', '-1', '0', '-1', '63197', '6', '0', '0', '-1', '0', '-1', '0', '0', '0', '0', '-1', '0', '-1', '0', '0', '0', '0', '-1', '0', '-1', '0', '0', '0', '0', '-1', '0', '-1', '0', 'Teaches you how to make Lightning Grounded Boots.', '0', '0', '0', '0', '0', '4', '0', '0', '0', '0', '0', '0', '0', '0', '8', '0', '0', '0', '0', '0', '0', '0', '0', '0', '-1', '0', '0', '0', '0', '', '0', '0', '0', '0', '0', '12340'),
  ('45098', '9', '1', '-1', 'Pattern: Death-warmed Belt', '1096', '4', '4160', '0', '1', @SELL_PRICE , @SELL_PRICE , '0', '-1', '-1', '85', '0', '165', '450', '0', '0', '0', '0', '0', '0', '1', '0', '0', '0', '0', '0', '0', '0', '0', '0', '0', '0', '0', '0', '0', '0', '0', '0', '0', '0', '0', '0', '0', '0', '0', '0', '0', '0', '0', '0', '0', '0', '0', '0', '0', '0', '0', '0', '0', '0', '0', '483', '0', '-1', '0', '-1', '0', '-1', '63198', '6', '0', '0', '-1', '0', '-1', '0', '0', '0', '0', '-1', '0', '-1', '0', '0', '0', '0', '-1', '0', '-1', '0', '0', '0', '0', '-1', '0', '-1', '0', 'Teaches you how to make a Death-warmed Belt.', '0', '0', '0', '0', '0', '4', '0', '0', '0', '0', '0', '0', '0', '0', '8', '0', '0', '0', '0', '0', '0', '0', '0', '0', '-1', '0', '0', '0', '0', '', '0', '0', '0', '0', '0', '12340'),
  ('45099', '9', '1', '-1', 'Pattern: Footpads of Silence', '1096', '4', '4160', '0', '1', @SELL_PRICE , @SELL_PRICE , '0', '-1', '-1', '85', '0', '165', '450', '0', '0', '0', '0', '0', '0', '1', '0', '0', '0', '0', '0', '0', '0', '0', '0', '0', '0', '0', '0', '0', '0', '0', '0', '0', '0', '0', '0', '0', '0', '0', '0', '0', '0', '0', '0', '0', '0', '0', '0', '0', '0', '0', '0', '0', '0', '0', '483', '0', '-1', '0', '-1', '0', '-1', '63199', '6', '0', '0', '-1', '0', '-1', '0', '0', '0', '0', '-1', '0', '-1', '0', '0', '0', '0', '-1', '0', '-1', '0', '0', '0', '0', '-1', '0', '-1', '0', 'Teaches you how to make Footpads of Silence.', '0', '0', '0', '0', '0', '4', '0', '0', '0', '0', '0', '0', '0', '0', '8', '0', '0', '0', '0', '0', '0', '0', '0', '0', '-1', '0', '0', '0', '0', '', '0', '0', '0', '0', '0', '12340'),
  ('45100', '9', '1', '-1', 'Pattern: Belt of Arctic Life', '1096', '4', '4160', '0', '1', @SELL_PRICE , @SELL_PRICE , '0', '-1', '-1', '85', '0', '165', '450', '0', '0', '0', '0', '0', '0', '1', '0', '0', '0', '0', '0', '0', '0', '0', '0', '0', '0', '0', '0', '0', '0', '0', '0', '0', '0', '0', '0', '0', '0', '0', '0', '0', '0', '0', '0', '0', '0', '0', '0', '0', '0', '0', '0', '0', '0', '0', '483', '0', '-1', '0', '-1', '0', '-1', '63200', '6', '0', '0', '-1', '0', '-1', '0', '0', '0', '0', '-1', '0', '-1', '0', '0', '0', '0', '-1', '0', '-1', '0', '0', '0', '0', '-1', '0', '-1', '0', 'Teaches you how to make a Belt of Arctic Life.', '0', '0', '0', '0', '0', '4', '0', '0', '0', '0', '0', '0', '0', '0', '8', '0', '0', '0', '0', '0', '0', '0', '0', '0', '-1', '0', '0', '0', '0', '', '0', '0', '0', '0', '0', '12340'),
  ('45101', '9', '1', '-1', 'Pattern: Boots of Wintry Endurance', '1096', '4', '4160', '0', '1', @SELL_PRICE , @SELL_PRICE , '0', '-1', '-1', '85', '0', '165', '450', '0', '0', '0', '0', '0', '0', '1', '0', '0', '0', '0', '0', '0', '0', '0', '0', '0', '0', '0', '0', '0', '0', '0', '0', '0', '0', '0', '0', '0', '0', '0', '0', '0', '0', '0', '0', '0', '0', '0', '0', '0', '0', '0', '0', '0', '0', '0', '483', '0', '-1', '0', '-1', '0', '-1', '63201', '6', '0', '0', '-1', '0', '-1', '0', '0', '0', '0', '-1', '0', '-1', '0', '0', '0', '0', '-1', '0', '-1', '0', '0', '0', '0', '-1', '0', '-1', '0', 'Teaches you how to make Boots of Wintry Endurance.', '0', '0', '0', '0', '0', '4', '0', '0', '0', '0', '0', '0', '0', '0', '8', '0', '0', '0', '0', '0', '0', '0', '0', '0', '-1', '0', '0', '0', '0', '', '0', '0', '0', '0', '0', '12340'),
  ('45102', '9', '2', '-1', 'Pattern: Sash of Ancient Power', '1096', '4', '4160', '0', '1', @SELL_PRICE , @SELL_PRICE , '0', '-1', '-1', '85', '0', '197', '450', '0', '0', '0', '0', '0', '0', '1', '0', '0', '0', '0', '0', '0', '0', '0', '0', '0', '0', '0', '0', '0', '0', '0', '0', '0', '0', '0', '0', '0', '0', '0', '0', '0', '0', '0', '0', '0', '0', '0', '0', '0', '0', '0', '0', '0', '0', '0', '483', '0', '-1', '0', '-1', '0', '-1', '63203', '6', '0', '0', '-1', '0', '-1', '0', '0', '0', '0', '-1', '0', '-1', '0', '0', '0', '0', '-1', '0', '-1', '0', '0', '0', '0', '-1', '0', '-1', '0', 'Teaches you how to sew a Sash of Ancient Power.', '0', '0', '0', '0', '0', '4', '0', '0', '0', '0', '0', '0', '0', '0', '0', '0', '0', '0', '0', '0', '0', '0', '0', '0', '-1', '0', '0', '0', '0', '', '0', '0', '0', '0', '0', '12340'),
  ('45103', '9', '2', '-1', 'Pattern: Spellslinger\'s Slippers', '1096', '4', '4160', '0', '1', @SELL_PRICE , @SELL_PRICE , '0', '-1', '-1', '85', '0', '197', '450', '0', '0', '0', '0', '0', '0', '1', '0', '0', '0', '0', '0', '0', '0', '0', '0', '0', '0', '0', '0', '0', '0', '0', '0', '0', '0', '0', '0', '0', '0', '0', '0', '0', '0', '0', '0', '0', '0', '0', '0', '0', '0', '0', '0', '0', '0', '0', '483', '0', '-1', '0', '-1', '0', '-1', '63204', '6', '0', '0', '-1', '0', '-1', '0', '0', '0', '0', '-1', '0', '-1', '0', '0', '0', '0', '-1', '0', '-1', '0', '0', '0', '0', '-1', '0', '-1', '0', 'Teaches you how to sew Spellslinger\'s Slippers.', '0', '0', '0', '0', '0', '4', '0', '0', '0', '0', '0', '0', '0', '0', '0', '0', '0', '0', '0', '0', '0', '0', '0', '0', '-1', '0', '0', '0', '0', '', '0', '0', '0', '0', '0', '12340'),
  ('45104', '9', '2', '-1', 'Pattern: Cord of the White Dawn', '1096', '4', '4160', '0', '1', @SELL_PRICE , @SELL_PRICE , '0', '-1', '-1', '85', '0', '197', '450', '0', '0', '0', '0', '0', '0', '1', '0', '0', '0', '0', '0', '0', '0', '0', '0', '0', '0', '0', '0', '0', '0', '0', '0', '0', '0', '0', '0', '0', '0', '0', '0', '0', '0', '0', '0', '0', '0', '0', '0', '0', '0', '0', '0', '0', '0', '0', '483', '0', '-1', '0', '-1', '0', '-1', '63205', '6', '0', '0', '-1', '0', '-1', '0', '0', '0', '0', '-1', '0', '-1', '0', '0', '0', '0', '-1', '0', '-1', '0', '0', '0', '0', '-1', '0', '-1', '0', 'Teaches you how to sew a Cord of the White Dawn.', '0', '0', '0', '0', '0', '4', '0', '0', '0', '0', '0', '0', '0', '0', '0', '0', '0', '0', '0', '0', '0', '0', '0', '0', '-1', '0', '0', '0', '0', '', '0', '0', '0', '0', '0', '12340'),
  ('45105', '9', '2', '-1', 'Pattern: Savior\'s Slippers', '1096', '4', '4160', '0', '1', @SELL_PRICE , @SELL_PRICE , '0', '-1', '-1', '85', '0', '197', '450', '0', '0', '0', '0', '0', '0', '1', '0', '0', '0', '0', '0', '0', '0', '0', '0', '0', '0', '0', '0', '0', '0', '0', '0', '0', '0', '0', '0', '0', '0', '0', '0', '0', '0', '0', '0', '0', '0', '0', '0', '0', '0', '0', '0', '0', '0', '0', '483', '0', '-1', '0', '-1', '0', '-1', '63206', '6', '0', '0', '-1', '0', '-1', '0', '0', '0', '0', '-1', '0', '-1', '0', '0', '0', '0', '-1', '0', '-1', '0', '0', '0', '0', '-1', '0', '-1', '0', 'Teaches you how to sew Savior\'s Slippers.', '0', '0', '0', '0', '0', '4', '0', '0', '0', '0', '0', '0', '0', '0', '0', '0', '0', '0', '0', '0', '0', '0', '0', '0', '-1', '0', '0', '0', '0', '', '0', '0', '0', '0', '0', '12340'),
  ('46027', '9', '8', '-1', 'Formula: Enchant Weapon - Blade Ward', '56793', '4', '33554496', '0', '1', @SELL_PRICE , '15000', '0', '-1', '-1', '75', '0', '333', '450', '0', '0', '0', '0', '0', '0', '1', '0', '0', '0', '0', '0', '0', '0', '0', '0', '0', '0', '0', '0', '0', '0', '0', '0', '0', '0', '0', '0', '0', '0', '0', '0', '0', '0', '0', '0', '0', '0', '0', '0', '0', '0', '0', '0', '0', '0', '0', '483', '0', '-1', '0', '-1', '0', '-1', '64441', '6', '0', '0', '-1', '0', '-1', '0', '0', '0', '0', '-1', '0', '-1', '0', '0', '0', '0', '-1', '0', '-1', '0', '0', '0', '0', '-1', '0', '-1', '1', 'Teaches you how to permanently enchant a weapon to sometimes grant Blade Warding when striking an enemy, increasing parry rating and inflicting damage on your next parry.  Enchantment requires level 75.', '0', '0', '0', '0', '0', '-1', '0', '0', '0', '0', '0', '0', '0', '0', '64', '0', '0', '0', '0', '0', '0', '0', '0', '0', '-1', '0', '0', '0', '0', '', '0', '0', '0', '0', '0', '12340'),
  ('46348', '9', '8', '-1', 'Formula: Enchant Weapon - Blood Draining', '56793', '4', '33554496', '0', '1', @SELL_PRICE , '15000', '0', '-1', '-1', '75', '0', '333', '450', '0', '0', '0', '0', '0', '0', '1', '0', '0', '0', '0', '0', '0', '0', '0', '0', '0', '0', '0', '0', '0', '0', '0', '0', '0', '0', '0', '0', '0', '0', '0', '0', '0', '0', '0', '0', '0', '0', '0', '0', '0', '0', '0', '0', '0', '0', '0', '483', '0', '-1', '0', '-1', '0', '-1', '64579', '6', '0', '0', '-1', '0', '-1', '0', '0', '0', '0', '-1', '0', '-1', '0', '0', '0', '0', '-1', '0', '-1', '0', '0', '0', '0', '-1', '0', '-1', '1', 'Teaches you how to permanently enchant a melee weapon to sometimes grant Blood Reserve when striking an enemy or inflicting damage with bleed attacks, healing you when your health is low.  Enchantment requires level 75.', '0', '0', '0', '0', '0', '-1', '0', '0', '0', '0', '0', '0', '0', '0', '64', '0', '0', '0', '0', '0', '0', '0', '0', '0', '-1', '0', '0', '0', '0', '', '0', '0', '0', '0', '0', '12340'),
  ('46027', '9', '8', '-1', 'Formula: Enchant Weapon - Blade Ward', '56793', '4', '33554496', '0', '1', @SELL_PRICE , '15000', '0', '-1', '-1', '75', '0', '333', '450', '0', '0', '0', '0', '0', '0', '1', '0', '0', '0', '0', '0', '0', '0', '0', '0', '0', '0', '0', '0', '0', '0', '0', '0', '0', '0', '0', '0', '0', '0', '0', '0', '0', '0', '0', '0', '0', '0', '0', '0', '0', '0', '0', '0', '0', '0', '0', '483', '0', '-1', '0', '-1', '0', '-1', '64441', '6', '0', '0', '-1', '0', '-1', '0', '0', '0', '0', '-1', '0', '-1', '0', '0', '0', '0', '-1', '0', '-1', '0', '0', '0', '0', '-1', '0', '-1', '1', 'Teaches you how to permanently enchant a weapon to sometimes grant Blade Warding when striking an enemy, increasing parry rating and inflicting damage on your next parry.  Enchantment requires level 75.', '0', '0', '0', '0', '0', '-1', '0', '0', '0', '0', '0', '0', '0', '0', '64', '0', '0', '0', '0', '0', '0', '0', '0', '0', '-1', '0', '0', '0', '0', '', '0', '0', '0', '0', '0', '12340'),
  ('46348', '9', '8', '-1', 'Formula: Enchant Weapon - Blood Draining', '56793', '4', '33554496', '0', '1', @SELL_PRICE , '15000', '0', '-1', '-1', '75', '0', '333', '450', '0', '0', '0', '0', '0', '0', '1', '0', '0', '0', '0', '0', '0', '0', '0', '0', '0', '0', '0', '0', '0', '0', '0', '0', '0', '0', '0', '0', '0', '0', '0', '0', '0', '0', '0', '0', '0', '0', '0', '0', '0', '0', '0', '0', '0', '0', '0', '483', '0', '-1', '0', '-1', '0', '-1', '64579', '6', '0', '0', '-1', '0', '-1', '0', '0', '0', '0', '-1', '0', '-1', '0', '0', '0', '0', '-1', '0', '-1', '0', '0', '0', '0', '-1', '0', '-1', '1', 'Teaches you how to permanently enchant a melee weapon to sometimes grant Blood Reserve when striking an enemy or inflicting damage with bleed attacks, healing you when your health is low.  Enchantment requires level 75.', '0', '0', '0', '0', '0', '-1', '0', '0', '0', '0', '0', '0', '0', '0', '64', '0', '0', '0', '0', '0', '0', '0', '0', '0', '-1', '0', '0', '0', '0', '', '0', '0', '0', '0', '0', '12340'),
  ('47622', '9', '4', '-1', 'Plans: Breastplate of the White Knight', '1096', '4', '4160', '2', '1', @SELL_PRICE , @SELL_PRICE , '0', '262143', '1101', '85', '0', '164', '450', '0', '0', '0', '0', '0', '0', '1', '0', '0', '0', '0', '0', '0', '0', '0', '0', '0', '0', '0', '0', '0', '0', '0', '0', '0', '0', '0', '0', '0', '0', '0', '0', '0', '0', '0', '0', '0', '0', '0', '0', '0', '0', '0', '0', '0', '0', '0', '483', '0', '-1', '0', '-1', '0', '-1', '67091', '6', '0', '0', '-1', '0', '-1', '0', '0', '0', '0', '-1', '0', '-1', '0', '0', '0', '0', '-1', '0', '-1', '0', '0', '0', '0', '-1', '0', '-1', '0', 'Teaches you how to forge a Breastplate of the White Knight.', '0', '0', '0', '0', '0', '4', '0', '0', '0', '0', '0', '0', '0', '0', '0', '0', '0', '0', '0', '0', '0', '0', '0', '0', '-1', '0', '0', '0', '0', '', '0', '0', '0', '0', '0', '12340'),
  ('47623', '9', '4', '-1', 'Plans: Saronite Swordbreakers', '1096', '4', '4160', '2', '1', @SELL_PRICE , @SELL_PRICE , '0', '262143', '1101', '85', '0', '164', '450', '0', '0', '0', '0', '0', '0', '1', '0', '0', '0', '0', '0', '0', '0', '0', '0', '0', '0', '0', '0', '0', '0', '0', '0', '0', '0', '0', '0', '0', '0', '0', '0', '0', '0', '0', '0', '0', '0', '0', '0', '0', '0', '0', '0', '0', '0', '0', '483', '0', '-1', '0', '-1', '0', '-1', '67092', '6', '0', '0', '-1', '0', '-1', '0', '0', '0', '0', '-1', '0', '-1', '0', '0', '0', '0', '-1', '0', '-1', '0', '0', '0', '0', '-1', '0', '-1', '0', 'Teaches you how to forge Saronite Swordbreakers.', '0', '0', '0', '0', '0', '4', '0', '0', '0', '0', '0', '0', '0', '0', '0', '0', '0', '0', '0', '0', '0', '0', '0', '0', '-1', '0', '0', '0', '0', '', '0', '0', '0', '0', '0', '12340'),
  ('47624', '9', '4', '-1', 'Plans: Titanium Razorplate', '1096', '4', '4160', '2', '1', @SELL_PRICE , @SELL_PRICE , '0', '262143', '1101', '85', '0', '164', '450', '0', '0', '0', '0', '0', '0', '1', '0', '0', '0', '0', '0', '0', '0', '0', '0', '0', '0', '0', '0', '0', '0', '0', '0', '0', '0', '0', '0', '0', '0', '0', '0', '0', '0', '0', '0', '0', '0', '0', '0', '0', '0', '0', '0', '0', '0', '0', '483', '0', '-1', '0', '-1', '0', '-1', '67093', '6', '0', '0', '-1', '0', '-1', '0', '0', '0', '0', '-1', '0', '-1', '0', '0', '0', '0', '-1', '0', '-1', '0', '0', '0', '0', '-1', '0', '-1', '0', 'Teaches you how to forge Titanium Razorplate.', '0', '0', '0', '0', '0', '4', '0', '0', '0', '0', '0', '0', '0', '0', '0', '0', '0', '0', '0', '0', '0', '0', '0', '0', '-1', '0', '0', '0', '0', '', '0', '0', '0', '0', '0', '12340'),
  ('47625', '9', '4', '-1', 'Plans: Titanium Spikeguards', '1096', '4', '4160', '2', '1', @SELL_PRICE , @SELL_PRICE , '0', '262143', '1101', '85', '0', '164', '450', '0', '0', '0', '0', '0', '0', '1', '0', '0', '0', '0', '0', '0', '0', '0', '0', '0', '0', '0', '0', '0', '0', '0', '0', '0', '0', '0', '0', '0', '0', '0', '0', '0', '0', '0', '0', '0', '0', '0', '0', '0', '0', '0', '0', '0', '0', '0', '483', '0', '-1', '0', '-1', '0', '-1', '67094', '6', '0', '0', '-1', '0', '-1', '0', '0', '0', '0', '-1', '0', '-1', '0', '0', '0', '0', '-1', '0', '-1', '0', '0', '0', '0', '-1', '0', '-1', '0', 'Teaches you how to forge Titanium Spikeguards.', '0', '0', '0', '0', '0', '4', '0', '0', '0', '0', '0', '0', '0', '0', '0', '0', '0', '0', '0', '0', '0', '0', '0', '0', '-1', '0', '0', '0', '0', '', '0', '0', '0', '0', '0', '12340'),
  ('47626', '9', '4', '-1', 'Plans: Sunforged Breastplate', '1096', '4', '4160', '2', '1', @SELL_PRICE , @SELL_PRICE , '0', '262143', '1101', '85', '0', '164', '450', '0', '0', '0', '0', '0', '0', '1', '0', '0', '0', '0', '0', '0', '0', '0', '0', '0', '0', '0', '0', '0', '0', '0', '0', '0', '0', '0', '0', '0', '0', '0', '0', '0', '0', '0', '0', '0', '0', '0', '0', '0', '0', '0', '0', '0', '0', '0', '483', '0', '-1', '0', '-1', '0', '-1', '67095', '6', '0', '0', '-1', '0', '-1', '0', '0', '0', '0', '-1', '0', '-1', '0', '0', '0', '0', '-1', '0', '-1', '0', '0', '0', '0', '-1', '0', '-1', '0', 'Teaches you how to forge a Sunforged Breastplate.', '0', '0', '0', '0', '0', '4', '0', '0', '0', '0', '0', '0', '0', '0', '0', '0', '0', '0', '0', '0', '0', '0', '0', '0', '-1', '0', '0', '0', '0', '', '0', '0', '0', '0', '0', '12340'),
  ('47627', '9', '4', '-1', 'Plans: Sunforged Bracers', '1096', '4', '4160', '2', '1', @SELL_PRICE , @SELL_PRICE , '0', '262143', '1101', '85', '0', '164', '450', '0', '0', '0', '0', '0', '0', '1', '0', '0', '0', '0', '0', '0', '0', '0', '0', '0', '0', '0', '0', '0', '0', '0', '0', '0', '0', '0', '0', '0', '0', '0', '0', '0', '0', '0', '0', '0', '0', '0', '0', '0', '0', '0', '0', '0', '0', '0', '483', '0', '-1', '0', '-1', '0', '-1', '67096', '6', '0', '0', '-1', '0', '-1', '0', '0', '0', '0', '-1', '0', '-1', '0', '0', '0', '0', '-1', '0', '-1', '0', '0', '0', '0', '-1', '0', '-1', '0', 'Teaches you how to forge Sunforged Bracers.', '0', '0', '0', '0', '0', '4', '0', '0', '0', '0', '0', '0', '0', '0', '0', '0', '0', '0', '0', '0', '0', '0', '0', '0', '-1', '0', '0', '0', '0', '', '0', '0', '0', '0', '0', '12340'),
  ('47628', '9', '1', '-1', 'Pattern: Ensorcelled Nerubian Breastplate', '1096', '4', '4160', '2', '1', @SELL_PRICE , @SELL_PRICE , '0', '262143', '1101', '85', '0', '165', '450', '0', '0', '0', '0', '0', '0', '1', '0', '0', '0', '0', '0', '0', '0', '0', '0', '0', '0', '0', '0', '0', '0', '0', '0', '0', '0', '0', '0', '0', '0', '0', '0', '0', '0', '0', '0', '0', '0', '0', '0', '0', '0', '0', '0', '0', '0', '0', '483', '0', '-1', '0', '-1', '0', '-1', '67080', '6', '0', '0', '-1', '0', '-1', '0', '0', '0', '0', '-1', '0', '-1', '0', '0', '0', '0', '-1', '0', '-1', '0', '0', '0', '0', '-1', '0', '-1', '0', 'Teaches you how to make an Ensorcelled Nerubian Breastplate.', '0', '0', '0', '0', '0', '4', '0', '0', '0', '0', '0', '0', '0', '0', '8', '0', '0', '0', '0', '0', '0', '0', '0', '0', '-1', '0', '0', '0', '0', '', '0', '0', '0', '0', '0', '12340'),
  ('47629', '9', '1', '-1', 'Pattern: Black Chitin Bracers', '1096', '4', '4160', '2', '1', @SELL_PRICE , @SELL_PRICE , '0', '262143', '1101', '85', '0', '165', '450', '0', '0', '0', '0', '0', '0', '1', '0', '0', '0', '0', '0', '0', '0', '0', '0', '0', '0', '0', '0', '0', '0', '0', '0', '0', '0', '0', '0', '0', '0', '0', '0', '0', '0', '0', '0', '0', '0', '0', '0', '0', '0', '0', '0', '0', '0', '0', '483', '0', '-1', '0', '-1', '0', '-1', '67081', '6', '0', '0', '-1', '0', '-1', '0', '0', '0', '0', '-1', '0', '-1', '0', '0', '0', '0', '-1', '0', '-1', '0', '0', '0', '0', '-1', '0', '-1', '0', 'Teaches you how to make Black Chitin Bracers.', '0', '0', '0', '0', '0', '4', '0', '0', '0', '0', '0', '0', '0', '0', '8', '0', '0', '0', '0', '0', '0', '0', '0', '0', '-1', '0', '0', '0', '0', '', '0', '0', '0', '0', '0', '12340'),
  ('47630', '9', '1', '-1', 'Pattern: Crusader\'s Dragonscale Breastplate', '1096', '4', '4160', '2', '1', @SELL_PRICE , @SELL_PRICE , '0', '262143', '1101', '85', '0', '165', '450', '0', '0', '0', '0', '0', '0', '1', '0', '0', '0', '0', '0', '0', '0', '0', '0', '0', '0', '0', '0', '0', '0', '0', '0', '0', '0', '0', '0', '0', '0', '0', '0', '0', '0', '0', '0', '0', '0', '0', '0', '0', '0', '0', '0', '0', '0', '0', '483', '0', '-1', '0', '-1', '0', '-1', '67082', '6', '0', '0', '-1', '0', '-1', '0', '0', '0', '0', '-1', '0', '-1', '0', '0', '0', '0', '-1', '0', '-1', '0', '0', '0', '0', '-1', '0', '-1', '0', 'Teaches you how to make a Crusader\'s Dragonscale Breastplate.', '0', '0', '0', '0', '0', '4', '0', '0', '0', '0', '0', '0', '0', '0', '8', '0', '0', '0', '0', '0', '0', '0', '0', '0', '-1', '0', '0', '0', '0', '', '0', '0', '0', '0', '0', '12340'),
  ('47631', '9', '1', '-1', 'Pattern: Crusader\'s Dragonscale Bracers', '1096', '4', '4160', '2', '1', @SELL_PRICE , @SELL_PRICE , '0', '262143', '1101', '85', '0', '165', '450', '0', '0', '0', '0', '0', '0', '1', '0', '0', '0', '0', '0', '0', '0', '0', '0', '0', '0', '0', '0', '0', '0', '0', '0', '0', '0', '0', '0', '0', '0', '0', '0', '0', '0', '0', '0', '0', '0', '0', '0', '0', '0', '0', '0', '0', '0', '0', '483', '0', '-1', '0', '-1', '0', '-1', '67083', '6', '0', '0', '-1', '0', '-1', '0', '0', '0', '0', '-1', '0', '-1', '0', '0', '0', '0', '-1', '0', '-1', '0', '0', '0', '0', '-1', '0', '-1', '0', 'Teaches you how to make Crusader\'s Dragonscale Bracers.', '0', '0', '0', '0', '0', '4', '0', '0', '0', '0', '0', '0', '0', '0', '8', '0', '0', '0', '0', '0', '0', '0', '0', '0', '-1', '0', '0', '0', '0', '', '0', '0', '0', '0', '0', '12340'),
  ('47632', '9', '1', '-1', 'Pattern: Lunar Eclipse Robes', '1096', '4', '4160', '2', '1', @SELL_PRICE , @SELL_PRICE , '0', '262143', '1101', '85', '0', '165', '450', '0', '0', '0', '0', '0', '0', '1', '0', '0', '0', '0', '0', '0', '0', '0', '0', '0', '0', '0', '0', '0', '0', '0', '0', '0', '0', '0', '0', '0', '0', '0', '0', '0', '0', '0', '0', '0', '0', '0', '0', '0', '0', '0', '0', '0', '0', '0', '483', '0', '-1', '0', '-1', '0', '-1', '67084', '6', '0', '0', '-1', '0', '-1', '0', '0', '0', '0', '-1', '0', '-1', '0', '0', '0', '0', '-1', '0', '-1', '0', '0', '0', '0', '-1', '0', '-1', '0', 'Teaches you how to make a Lunar Eclipse Robes.', '0', '0', '0', '0', '0', '4', '0', '0', '0', '0', '0', '0', '0', '0', '8', '0', '0', '0', '0', '0', '0', '0', '0', '0', '-1', '0', '0', '0', '0', '', '0', '0', '0', '0', '0', '12340'),
  ('47633', '9', '1', '-1', 'Pattern: Moonshadow Armguards', '1096', '4', '4160', '2', '1', @SELL_PRICE , @SELL_PRICE , '0', '262143', '1101', '85', '0', '165', '450', '0', '0', '0', '0', '0', '0', '1', '0', '0', '0', '0', '0', '0', '0', '0', '0', '0', '0', '0', '0', '0', '0', '0', '0', '0', '0', '0', '0', '0', '0', '0', '0', '0', '0', '0', '0', '0', '0', '0', '0', '0', '0', '0', '0', '0', '0', '0', '483', '0', '-1', '0', '-1', '0', '-1', '67085', '6', '0', '0', '-1', '0', '-1', '0', '0', '0', '0', '-1', '0', '-1', '0', '0', '0', '0', '-1', '0', '-1', '0', '0', '0', '0', '-1', '0', '-1', '0', 'Teaches you how to make Moonshadow Armguards.', '0', '0', '0', '0', '0', '4', '0', '0', '0', '0', '0', '0', '0', '0', '8', '0', '0', '0', '0', '0', '0', '0', '0', '0', '-1', '0', '0', '0', '0', '', '0', '0', '0', '0', '0', '12340'),
  ('47634', '9', '1', '-1', 'Pattern: Knightbane Carapace', '1096', '4', '4160', '2', '1', @SELL_PRICE , @SELL_PRICE , '0', '262143', '1101', '85', '0', '165', '450', '0', '0', '0', '0', '0', '0', '1', '0', '0', '0', '0', '0', '0', '0', '0', '0', '0', '0', '0', '0', '0', '0', '0', '0', '0', '0', '0', '0', '0', '0', '0', '0', '0', '0', '0', '0', '0', '0', '0', '0', '0', '0', '0', '0', '0', '0', '0', '483', '0', '-1', '0', '-1', '0', '-1', '67086', '6', '0', '0', '-1', '0', '-1', '0', '0', '0', '0', '-1', '0', '-1', '0', '0', '0', '0', '-1', '0', '-1', '0', '0', '0', '0', '-1', '0', '-1', '0', 'Teaches you how to make a Knightbane Carapace.', '0', '0', '0', '0', '0', '4', '0', '0', '0', '0', '0', '0', '0', '0', '8', '0', '0', '0', '0', '0', '0', '0', '0', '0', '-1', '0', '0', '0', '0', '', '0', '0', '0', '0', '0', '12340'),
  ('47635', '9', '1', '-1', 'Pattern: Bracers of Swift Death', '1096', '4', '4160', '2', '1', @SELL_PRICE , @SELL_PRICE , '0', '262143', '1101', '85', '0', '165', '450', '0', '0', '0', '0', '0', '0', '1', '0', '0', '0', '0', '0', '0', '0', '0', '0', '0', '0', '0', '0', '0', '0', '0', '0', '0', '0', '0', '0', '0', '0', '0', '0', '0', '0', '0', '0', '0', '0', '0', '0', '0', '0', '0', '0', '0', '0', '0', '483', '0', '-1', '0', '-1', '0', '-1', '67087', '6', '0', '0', '-1', '0', '-1', '0', '0', '0', '0', '-1', '0', '-1', '0', '0', '0', '0', '-1', '0', '-1', '0', '0', '0', '0', '-1', '0', '-1', '0', 'Teaches you how to make Bracers of Swift Death.', '0', '0', '0', '0', '0', '4', '0', '0', '0', '0', '0', '0', '0', '0', '8', '0', '0', '0', '0', '0', '0', '0', '0', '0', '-1', '0', '0', '0', '0', '', '0', '0', '0', '0', '0', '12340'),
  ('47636', '9', '2', '-1', 'Pattern: Royal Moonshroud Robe', '1096', '4', '4160', '1', '1', @SELL_PRICE , @SELL_PRICE , '0', '262143', '690', '85', '0', '197', '450', '0', '0', '0', '0', '0', '0', '1', '0', '0', '0', '0', '0', '0', '0', '0', '0', '0', '0', '0', '0', '0', '0', '0', '0', '0', '0', '0', '0', '0', '0', '0', '0', '0', '0', '0', '0', '0', '0', '0', '0', '0', '0', '0', '0', '0', '0', '0', '483', '0', '-1', '0', '-1', '0', '-1', '67144', '6', '0', '0', '-1', '0', '-1', '0', '0', '0', '0', '-1', '0', '-1', '0', '0', '0', '0', '-1', '0', '-1', '0', '0', '0', '0', '-1', '0', '-1', '0', 'Teaches you how to sew a Royal Moonshroud Robe.', '0', '0', '0', '0', '0', '4', '0', '0', '0', '0', '0', '0', '0', '0', '0', '0', '0', '0', '0', '0', '0', '0', '0', '0', '-1', '0', '0', '0', '0', '', '0', '0', '0', '0', '0', '12340'),
  ('47637', '9', '2', '-1', 'Pattern: Royal Moonshroud Bracers', '1096', '4', '4160', '1', '1', @SELL_PRICE , @SELL_PRICE , '0', '262143', '690', '85', '0', '197', '450', '0', '0', '0', '0', '0', '0', '1', '0', '0', '0', '0', '0', '0', '0', '0', '0', '0', '0', '0', '0', '0', '0', '0', '0', '0', '0', '0', '0', '0', '0', '0', '0', '0', '0', '0', '0', '0', '0', '0', '0', '0', '0', '0', '0', '0', '0', '0', '483', '0', '-1', '0', '-1', '0', '-1', '67147', '6', '0', '0', '-1', '0', '-1', '0', '0', '0', '0', '-1', '0', '-1', '0', '0', '0', '0', '-1', '0', '-1', '0', '0', '0', '0', '-1', '0', '-1', '0', 'Teaches you how to sew Royal Moonshroud Bracers.', '0', '0', '0', '0', '0', '4', '0', '0', '0', '0', '0', '0', '0', '0', '0', '0', '0', '0', '0', '0', '0', '0', '0', '0', '-1', '0', '0', '0', '0', '', '0', '0', '0', '0', '0', '12340'),
  ('47638', '9', '2', '-1', 'Pattern: Merlin\'s Robe', '1096', '4', '4160', '1', '1', @SELL_PRICE , @SELL_PRICE , '0', '262143', '690', '85', '0', '197', '450', '0', '0', '0', '0', '0', '0', '1', '0', '0', '0', '0', '0', '0', '0', '0', '0', '0', '0', '0', '0', '0', '0', '0', '0', '0', '0', '0', '0', '0', '0', '0', '0', '0', '0', '0', '0', '0', '0', '0', '0', '0', '0', '0', '0', '0', '0', '0', '483', '0', '-1', '0', '-1', '0', '-1', '67146', '6', '0', '0', '-1', '0', '-1', '0', '0', '0', '0', '-1', '0', '-1', '0', '0', '0', '0', '-1', '0', '-1', '0', '0', '0', '0', '-1', '0', '-1', '0', 'Teaches you how to sew Merlin\'s Robe.', '0', '0', '0', '0', '0', '4', '0', '0', '0', '0', '0', '0', '0', '0', '0', '0', '0', '0', '0', '0', '0', '0', '0', '0', '-1', '0', '0', '0', '0', '', '0', '0', '0', '0', '0', '12340'),
  ('47639', '9', '2', '-1', 'Pattern: Bejeweled Wizard\'s Bracers', '1096', '4', '4160', '1', '1', @SELL_PRICE , @SELL_PRICE , '0', '262143', '690', '85', '0', '197', '450', '0', '0', '0', '0', '0', '0', '1', '0', '0', '0', '0', '0', '0', '0', '0', '0', '0', '0', '0', '0', '0', '0', '0', '0', '0', '0', '0', '0', '0', '0', '0', '0', '0', '0', '0', '0', '0', '0', '0', '0', '0', '0', '0', '0', '0', '0', '0', '483', '0', '-1', '0', '-1', '0', '-1', '67145', '6', '0', '0', '-1', '0', '-1', '0', '0', '0', '0', '-1', '0', '-1', '0', '0', '0', '0', '-1', '0', '-1', '0', '0', '0', '0', '-1', '0', '-1', '0', 'Teaches you how to sew Bejeweled Wizard\'s Bracers.', '0', '0', '0', '0', '0', '4', '0', '0', '0', '0', '0', '0', '0', '0', '0', '0', '0', '0', '0', '0', '0', '0', '0', '0', '-1', '0', '0', '0', '0', '', '0', '0', '0', '0', '0', '12340'),
  ('47640', '9', '4', '-1', 'Plans: Breastplate of the White Knight', '1096', '4', '4160', '1', '1', @SELL_PRICE , @SELL_PRICE , '0', '262143', '690', '85', '0', '164', '450', '0', '0', '0', '0', '0', '0', '1', '0', '0', '0', '0', '0', '0', '0', '0', '0', '0', '0', '0', '0', '0', '0', '0', '0', '0', '0', '0', '0', '0', '0', '0', '0', '0', '0', '0', '0', '0', '0', '0', '0', '0', '0', '0', '0', '0', '0', '0', '483', '0', '-1', '0', '-1', '0', '-1', '67130', '6', '0', '0', '-1', '0', '-1', '0', '0', '0', '0', '-1', '0', '-1', '0', '0', '0', '0', '-1', '0', '-1', '0', '0', '0', '0', '-1', '0', '-1', '0', 'Teaches you how to forge a Breastplate of the White Knight.', '0', '0', '0', '0', '0', '4', '0', '0', '0', '0', '0', '0', '0', '0', '0', '0', '0', '0', '0', '0', '0', '0', '0', '0', '-1', '0', '0', '0', '0', '', '0', '0', '0', '0', '0', '12340'),
  ('47641', '9', '4', '-1', 'Plans: Saronite Swordbreakers', '1096', '4', '4160', '1', '1', @SELL_PRICE , @SELL_PRICE , '0', '262143', '690', '85', '0', '164', '450', '0', '0', '0', '0', '0', '0', '1', '0', '0', '0', '0', '0', '0', '0', '0', '0', '0', '0', '0', '0', '0', '0', '0', '0', '0', '0', '0', '0', '0', '0', '0', '0', '0', '0', '0', '0', '0', '0', '0', '0', '0', '0', '0', '0', '0', '0', '0', '483', '0', '-1', '0', '-1', '0', '-1', '67131', '6', '0', '0', '-1', '0', '-1', '0', '0', '0', '0', '-1', '0', '-1', '0', '0', '0', '0', '-1', '0', '-1', '0', '0', '0', '0', '-1', '0', '-1', '0', 'Teaches you how to forge Saronite Swordbreakers.', '0', '0', '0', '0', '0', '4', '0', '0', '0', '0', '0', '0', '0', '0', '0', '0', '0', '0', '0', '0', '0', '0', '0', '0', '-1', '0', '0', '0', '0', '', '0', '0', '0', '0', '0', '12340'),
  ('47642', '9', '4', '-1', 'Plans: Sunforged Bracers', '1096', '4', '4160', '1', '1', @SELL_PRICE , @SELL_PRICE , '0', '262143', '690', '85', '0', '164', '450', '0', '0', '0', '0', '0', '0', '1', '0', '0', '0', '0', '0', '0', '0', '0', '0', '0', '0', '0', '0', '0', '0', '0', '0', '0', '0', '0', '0', '0', '0', '0', '0', '0', '0', '0', '0', '0', '0', '0', '0', '0', '0', '0', '0', '0', '0', '0', '483', '0', '-1', '0', '-1', '0', '-1', '67135', '6', '0', '0', '-1', '0', '-1', '0', '0', '0', '0', '-1', '0', '-1', '0', '0', '0', '0', '-1', '0', '-1', '0', '0', '0', '0', '-1', '0', '-1', '0', 'Teaches you how to forge Sunforged Bracers.', '0', '0', '0', '0', '0', '4', '0', '0', '0', '0', '0', '0', '0', '0', '0', '0', '0', '0', '0', '0', '0', '0', '0', '0', '-1', '0', '0', '0', '0', '', '0', '0', '0', '0', '0', '12340'),
  ('47643', '9', '4', '-1', 'Plans: Sunforged Breastplate', '1096', '4', '4160', '1', '1', @SELL_PRICE , @SELL_PRICE , '0', '262143', '690', '85', '0', '164', '450', '0', '0', '0', '0', '0', '0', '1', '0', '0', '0', '0', '0', '0', '0', '0', '0', '0', '0', '0', '0', '0', '0', '0', '0', '0', '0', '0', '0', '0', '0', '0', '0', '0', '0', '0', '0', '0', '0', '0', '0', '0', '0', '0', '0', '0', '0', '0', '483', '0', '-1', '0', '-1', '0', '-1', '67134', '6', '0', '0', '-1', '0', '-1', '0', '0', '0', '0', '-1', '0', '-1', '0', '0', '0', '0', '-1', '0', '-1', '0', '0', '0', '0', '-1', '0', '-1', '0', 'Teaches you how to forge a Sunforged Breastplate.', '0', '0', '0', '0', '0', '4', '0', '0', '0', '0', '0', '0', '0', '0', '0', '0', '0', '0', '0', '0', '0', '0', '0', '0', '-1', '0', '0', '0', '0', '', '0', '0', '0', '0', '0', '12340'),
  ('47644', '9', '4', '-1', 'Plans: Titanium Razorplate', '1096', '4', '4160', '1', '1', @SELL_PRICE , @SELL_PRICE , '0', '262143', '690', '85', '0', '164', '450', '0', '0', '0', '0', '0', '0', '1', '0', '0', '0', '0', '0', '0', '0', '0', '0', '0', '0', '0', '0', '0', '0', '0', '0', '0', '0', '0', '0', '0', '0', '0', '0', '0', '0', '0', '0', '0', '0', '0', '0', '0', '0', '0', '0', '0', '0', '0', '483', '0', '-1', '0', '-1', '0', '-1', '67132', '6', '0', '0', '-1', '0', '-1', '0', '0', '0', '0', '-1', '0', '-1', '0', '0', '0', '0', '-1', '0', '-1', '0', '0', '0', '0', '-1', '0', '-1', '0', 'Teaches you how to forge Titanium Razorplate.', '0', '0', '0', '0', '0', '4', '0', '0', '0', '0', '0', '0', '0', '0', '0', '0', '0', '0', '0', '0', '0', '0', '0', '0', '-1', '0', '0', '0', '0', '', '0', '0', '0', '0', '0', '12340'),
  ('47645', '9', '4', '-1', 'Plans: Titanium Spikeguards', '1096', '4', '4160', '1', '1', @SELL_PRICE , @SELL_PRICE , '0', '262143', '690', '85', '0', '164', '450', '0', '0', '0', '0', '0', '0', '1', '0', '0', '0', '0', '0', '0', '0', '0', '0', '0', '0', '0', '0', '0', '0', '0', '0', '0', '0', '0', '0', '0', '0', '0', '0', '0', '0', '0', '0', '0', '0', '0', '0', '0', '0', '0', '0', '0', '0', '0', '483', '0', '-1', '0', '-1', '0', '-1', '67133', '6', '0', '0', '-1', '0', '-1', '0', '0', '0', '0', '-1', '0', '-1', '0', '0', '0', '0', '-1', '0', '-1', '0', '0', '0', '0', '-1', '0', '-1', '0', 'Teaches you how to forge Titanium Spikeguards.', '0', '0', '0', '0', '0', '4', '0', '0', '0', '0', '0', '0', '0', '0', '0', '0', '0', '0', '0', '0', '0', '0', '0', '0', '-1', '0', '0', '0', '0', '', '0', '0', '0', '0', '0', '12340'),
  ('47646', '9', '1', '-1', 'Pattern: Black Chitin Bracers', '1096', '4', '4160', '1', '1', @SELL_PRICE , @SELL_PRICE , '0', '262143', '690', '85', '0', '165', '450', '0', '0', '0', '0', '0', '0', '1', '0', '0', '0', '0', '0', '0', '0', '0', '0', '0', '0', '0', '0', '0', '0', '0', '0', '0', '0', '0', '0', '0', '0', '0', '0', '0', '0', '0', '0', '0', '0', '0', '0', '0', '0', '0', '0', '0', '0', '0', '483', '0', '-1', '0', '-1', '0', '-1', '67137', '6', '0', '0', '-1', '0', '-1', '0', '0', '0', '0', '-1', '0', '-1', '0', '0', '0', '0', '-1', '0', '-1', '0', '0', '0', '0', '-1', '0', '-1', '0', 'Teaches you how to make Black Chitin Bracers.', '0', '0', '0', '0', '0', '4', '0', '0', '0', '0', '0', '0', '0', '0', '8', '0', '0', '0', '0', '0', '0', '0', '0', '0', '-1', '0', '0', '0', '0', '', '0', '0', '0', '0', '0', '12340'),
  ('47647', '9', '1', '-1', 'Pattern: Bracers of Swift Death', '1096', '4', '4160', '1', '1', @SELL_PRICE , @SELL_PRICE , '0', '262143', '690', '85', '0', '165', '450', '0', '0', '0', '0', '0', '0', '1', '0', '0', '0', '0', '0', '0', '0', '0', '0', '0', '0', '0', '0', '0', '0', '0', '0', '0', '0', '0', '0', '0', '0', '0', '0', '0', '0', '0', '0', '0', '0', '0', '0', '0', '0', '0', '0', '0', '0', '0', '483', '0', '-1', '0', '-1', '0', '-1', '67139', '6', '0', '0', '-1', '0', '-1', '0', '0', '0', '0', '-1', '0', '-1', '0', '0', '0', '0', '-1', '0', '-1', '0', '0', '0', '0', '-1', '0', '-1', '0', 'Teaches you how to make Bracers of Swift Death.', '0', '0', '0', '0', '0', '4', '0', '0', '0', '0', '0', '0', '0', '0', '8', '0', '0', '0', '0', '0', '0', '0', '0', '0', '-1', '0', '0', '0', '0', '', '0', '0', '0', '0', '0', '12340'),
  ('47648', '9', '1', '-1', 'Pattern: Crusader\'s Dragonscale Bracers', '1096', '4', '4160', '1', '1', @SELL_PRICE , @SELL_PRICE , '0', '262143', '690', '85', '0', '165', '450', '0', '0', '0', '0', '0', '0', '1', '0', '0', '0', '0', '0', '0', '0', '0', '0', '0', '0', '0', '0', '0', '0', '0', '0', '0', '0', '0', '0', '0', '0', '0', '0', '0', '0', '0', '0', '0', '0', '0', '0', '0', '0', '0', '0', '0', '0', '0', '483', '0', '-1', '0', '-1', '0', '-1', '67143', '6', '0', '0', '-1', '0', '-1', '0', '0', '0', '0', '-1', '0', '-1', '0', '0', '0', '0', '-1', '0', '-1', '0', '0', '0', '0', '-1', '0', '-1', '0', 'Teaches you how to make Crusader\'s Dragonscale Bracers.', '0', '0', '0', '0', '0', '4', '0', '0', '0', '0', '0', '0', '0', '0', '8', '0', '0', '0', '0', '0', '0', '0', '0', '0', '-1', '0', '0', '0', '0', '', '0', '0', '0', '0', '0', '12340'),
  ('47649', '9', '1', '-1', 'Pattern: Crusader\'s Dragonscale Breastplate', '1096', '4', '4160', '1', '1', @SELL_PRICE , @SELL_PRICE , '0', '262143', '690', '85', '0', '165', '450', '0', '0', '0', '0', '0', '0', '1', '0', '0', '0', '0', '0', '0', '0', '0', '0', '0', '0', '0', '0', '0', '0', '0', '0', '0', '0', '0', '0', '0', '0', '0', '0', '0', '0', '0', '0', '0', '0', '0', '0', '0', '0', '0', '0', '0', '0', '0', '483', '0', '-1', '0', '-1', '0', '-1', '67138', '6', '0', '0', '-1', '0', '-1', '0', '0', '0', '0', '-1', '0', '-1', '0', '0', '0', '0', '-1', '0', '-1', '0', '0', '0', '0', '-1', '0', '-1', '0', 'Teaches you how to make a Crusader\'s Dragonscale Breastplate.', '0', '0', '0', '0', '0', '4', '0', '0', '0', '0', '0', '0', '0', '0', '8', '0', '0', '0', '0', '0', '0', '0', '0', '0', '-1', '0', '0', '0', '0', '', '0', '0', '0', '0', '0', '12340'),
  ('47650', '9', '1', '-1', 'Pattern: Ensorcelled Nerubian Breastplate', '1096', '4', '4160', '1', '1', @SELL_PRICE , @SELL_PRICE , '0', '262143', '690', '85', '0', '165', '450', '0', '0', '0', '0', '0', '0', '1', '0', '0', '0', '0', '0', '0', '0', '0', '0', '0', '0', '0', '0', '0', '0', '0', '0', '0', '0', '0', '0', '0', '0', '0', '0', '0', '0', '0', '0', '0', '0', '0', '0', '0', '0', '0', '0', '0', '0', '0', '483', '0', '-1', '0', '-1', '0', '-1', '67136', '6', '0', '0', '-1', '0', '-1', '0', '0', '0', '0', '-1', '0', '-1', '0', '0', '0', '0', '-1', '0', '-1', '0', '0', '0', '0', '-1', '0', '-1', '0', 'Teaches you how to make an Ensorcelled Nerubian Breastplate.', '0', '0', '0', '0', '0', '4', '0', '0', '0', '0', '0', '0', '0', '0', '8', '0', '0', '0', '0', '0', '0', '0', '0', '0', '-1', '0', '0', '0', '0', '', '0', '0', '0', '0', '0', '12340'),
  ('47651', '9', '1', '-1', 'Pattern: Knightbane Carapace', '1096', '4', '4160', '1', '1', @SELL_PRICE , @SELL_PRICE , '0', '262143', '690', '85', '0', '165', '450', '0', '0', '0', '0', '0', '0', '1', '0', '0', '0', '0', '0', '0', '0', '0', '0', '0', '0', '0', '0', '0', '0', '0', '0', '0', '0', '0', '0', '0', '0', '0', '0', '0', '0', '0', '0', '0', '0', '0', '0', '0', '0', '0', '0', '0', '0', '0', '483', '0', '-1', '0', '-1', '0', '-1', '67142', '6', '0', '0', '-1', '0', '-1', '0', '0', '0', '0', '-1', '0', '-1', '0', '0', '0', '0', '-1', '0', '-1', '0', '0', '0', '0', '-1', '0', '-1', '0', 'Teaches you how to make a Knightbane Carapace.', '0', '0', '0', '0', '0', '4', '0', '0', '0', '0', '0', '0', '0', '0', '8', '0', '0', '0', '0', '0', '0', '0', '0', '0', '-1', '0', '0', '0', '0', '', '0', '0', '0', '0', '0', '12340'),
  ('47652', '9', '1', '-1', 'Pattern: Lunar Eclipse Robes', '1096', '4', '4160', '1', '1', @SELL_PRICE , @SELL_PRICE , '0', '262143', '690', '85', '0', '165', '450', '0', '0', '0', '0', '0', '0', '1', '0', '0', '0', '0', '0', '0', '0', '0', '0', '0', '0', '0', '0', '0', '0', '0', '0', '0', '0', '0', '0', '0', '0', '0', '0', '0', '0', '0', '0', '0', '0', '0', '0', '0', '0', '0', '0', '0', '0', '0', '483', '0', '-1', '0', '-1', '0', '-1', '67140', '6', '0', '0', '-1', '0', '-1', '0', '0', '0', '0', '-1', '0', '-1', '0', '0', '0', '0', '-1', '0', '-1', '0', '0', '0', '0', '-1', '0', '-1', '0', 'Teaches you how to make a Lunar Eclipse Robes.', '0', '0', '0', '0', '0', '4', '0', '0', '0', '0', '0', '0', '0', '0', '8', '0', '0', '0', '0', '0', '0', '0', '0', '0', '-1', '0', '0', '0', '0', '', '0', '0', '0', '0', '0', '12340'),
  ('47653', '9', '1', '-1', 'Pattern: Moonshadow Armguards', '1096', '4', '4160', '1', '1', @SELL_PRICE , @SELL_PRICE , '0', '262143', '690', '85', '0', '165', '450', '0', '0', '0', '0', '0', '0', '1', '0', '0', '0', '0', '0', '0', '0', '0', '0', '0', '0', '0', '0', '0', '0', '0', '0', '0', '0', '0', '0', '0', '0', '0', '0', '0', '0', '0', '0', '0', '0', '0', '0', '0', '0', '0', '0', '0', '0', '0', '483', '0', '-1', '0', '-1', '0', '-1', '67141', '6', '0', '0', '-1', '0', '-1', '0', '0', '0', '0', '-1', '0', '-1', '0', '0', '0', '0', '-1', '0', '-1', '0', '0', '0', '0', '-1', '0', '-1', '0', 'Teaches you how to make Moonshadow Armguards.', '0', '0', '0', '0', '0', '4', '0', '0', '0', '0', '0', '0', '0', '0', '8', '0', '0', '0', '0', '0', '0', '0', '0', '0', '-1', '0', '0', '0', '0', '', '0', '0', '0', '0', '0', '12340'),
  ('47654', '9', '2', '-1', 'Pattern: Bejeweled Wizard\'s Bracers', '1096', '4', '4160', '2', '1', @SELL_PRICE , @SELL_PRICE , '0', '262143', '1101', '85', '0', '197', '450', '0', '0', '0', '0', '0', '0', '1', '0', '0', '0', '0', '0', '0', '0', '0', '0', '0', '0', '0', '0', '0', '0', '0', '0', '0', '0', '0', '0', '0', '0', '0', '0', '0', '0', '0', '0', '0', '0', '0', '0', '0', '0', '0', '0', '0', '0', '0', '483', '0', '-1', '0', '-1', '0', '-1', '67079', '6', '0', '0', '-1', '0', '-1', '0', '0', '0', '0', '-1', '0', '-1', '0', '0', '0', '0', '-1', '0', '-1', '0', '0', '0', '0', '-1', '0', '-1', '0', 'Teaches you how to sew Bejeweled Wizard\'s Bracers.', '0', '0', '0', '0', '0', '4', '0', '0', '0', '0', '0', '0', '0', '0', '0', '0', '0', '0', '0', '0', '0', '0', '0', '0', '-1', '0', '0', '0', '0', '', '0', '0', '0', '0', '0', '12340'),
  ('47655', '9', '2', '-1', 'Pattern: Merlin\'s Robe', '1096', '4', '4160', '2', '1', @SELL_PRICE , @SELL_PRICE , '0', '262143', '1101', '85', '0', '197', '450', '0', '0', '0', '0', '0', '0', '1', '0', '0', '0', '0', '0', '0', '0', '0', '0', '0', '0', '0', '0', '0', '0', '0', '0', '0', '0', '0', '0', '0', '0', '0', '0', '0', '0', '0', '0', '0', '0', '0', '0', '0', '0', '0', '0', '0', '0', '0', '483', '0', '-1', '0', '-1', '0', '-1', '67066', '6', '0', '0', '-1', '0', '-1', '0', '0', '0', '0', '-1', '0', '-1', '0', '0', '0', '0', '-1', '0', '-1', '0', '0', '0', '0', '-1', '0', '-1', '0', 'Teaches you how to sew Merlin\'s Robe.', '0', '0', '0', '0', '0', '4', '0', '0', '0', '0', '0', '0', '0', '0', '0', '0', '0', '0', '0', '0', '0', '0', '0', '0', '-1', '0', '0', '0', '0', '', '0', '0', '0', '0', '0', '12340'),
  ('47656', '9', '2', '-1', 'Pattern: Royal Moonshroud Bracers', '1096', '4', '4160', '2', '1', @SELL_PRICE , @SELL_PRICE , '0', '262143', '1101', '85', '0', '197', '450', '0', '0', '0', '0', '0', '0', '1', '0', '0', '0', '0', '0', '0', '0', '0', '0', '0', '0', '0', '0', '0', '0', '0', '0', '0', '0', '0', '0', '0', '0', '0', '0', '0', '0', '0', '0', '0', '0', '0', '0', '0', '0', '0', '0', '0', '0', '0', '483', '0', '-1', '0', '-1', '0', '-1', '67065', '6', '0', '0', '-1', '0', '-1', '0', '0', '0', '0', '-1', '0', '-1', '0', '0', '0', '0', '-1', '0', '-1', '0', '0', '0', '0', '-1', '0', '-1', '0', 'Teaches you how to sew Royal Moonshroud Bracers.', '0', '0', '0', '0', '0', '4', '0', '0', '0', '0', '0', '0', '0', '0', '0', '0', '0', '0', '0', '0', '0', '0', '0', '0', '-1', '0', '0', '0', '0', '', '0', '0', '0', '0', '0', '12340'),
  ('47657', '9', '2', '-1', 'Pattern: Royal Moonshroud Robe', '1096', '4', '4160', '2', '1', @SELL_PRICE , @SELL_PRICE , '0', '262143', '1101', '85', '0', '197', '450', '0', '0', '0', '0', '0', '0', '1', '0', '0', '0', '0', '0', '0', '0', '0', '0', '0', '0', '0', '0', '0', '0', '0', '0', '0', '0', '0', '0', '0', '0', '0', '0', '0', '0', '0', '0', '0', '0', '0', '0', '0', '0', '0', '0', '0', '0', '0', '483', '0', '-1', '0', '-1', '0', '-1', '67064', '6', '0', '0', '-1', '0', '-1', '0', '0', '0', '0', '-1', '0', '-1', '0', '0', '0', '0', '-1', '0', '-1', '0', '0', '0', '0', '-1', '0', '-1', '0', 'Teaches you how to sew a Royal Moonshroud Robe.', '0', '0', '0', '0', '0', '4', '0', '0', '0', '0', '0', '0', '0', '0', '0', '0', '0', '0', '0', '0', '0', '0', '0', '0', '-1', '0', '0', '0', '0', '', '0', '0', '0', '0', '0', '12340'),
  ('49953', '9', '2', '-1', 'Pattern: Leggings of Woven Death', '1096', '4', '4160', '0', '1', @SELL_PRICE , '0', '0', '-1', '-1', '85', '0', '197', '450', '0', '0', '0', '1156', '6', '0', '1', '0', '0', '0', '0', '0', '0', '0', '0', '0', '0', '0', '0', '0', '0', '0', '0', '0', '0', '0', '0', '0', '0', '0', '0', '0', '0', '0', '0', '0', '0', '0', '0', '0', '0', '0', '0', '0', '0', '0', '0', '483', '0', '-1', '0', '-1', '0', '-1', '70550', '6', '0', '0', '-1', '0', '-1', '0', '0', '0', '0', '-1', '0', '-1', '0', '0', '0', '0', '-1', '0', '-1', '0', '0', '0', '0', '-1', '0', '-1', '1', 'Teaches you how to sew Leggings of Woven Death.', '0', '0', '0', '0', '0', '4', '0', '0', '0', '0', '0', '0', '0', '0', '0', '0', '0', '0', '0', '0', '0', '0', '0', '0', '-1', '0', '0', '0', '0', '', '0', '0', '0', '0', '0', '12340'),
  ('49954', '9', '2', '-1', 'Pattern: Deathfrost Boots', '1096', '4', '4160', '0', '1', @SELL_PRICE , '0', '0', '-1', '-1', '85', '0', '197', '450', '0', '0', '0', '1156', '5', '0', '1', '0', '0', '0', '0', '0', '0', '0', '0', '0', '0', '0', '0', '0', '0', '0', '0', '0', '0', '0', '0', '0', '0', '0', '0', '0', '0', '0', '0', '0', '0', '0', '0', '0', '0', '0', '0', '0', '0', '0', '0', '483', '0', '-1', '0', '-1', '0', '-1', '70551', '6', '0', '0', '-1', '0', '-1', '0', '0', '0', '0', '-1', '0', '-1', '0', '0', '0', '0', '-1', '0', '-1', '0', '0', '0', '0', '-1', '0', '-1', '1', 'Teaches you how to sew Deathfrost Boots.', '0', '0', '0', '0', '0', '4', '0', '0', '0', '0', '0', '0', '0', '0', '0', '0', '0', '0', '0', '0', '0', '0', '0', '0', '-1', '0', '0', '0', '0', '', '0', '0', '0', '0', '0', '12340'),
  ('49955', '9', '2', '-1', 'Pattern: Lightweave Leggings', '1096', '4', '4160', '0', '1', @SELL_PRICE , '0', '0', '-1', '-1', '85', '0', '197', '450', '0', '0', '0', '1156', '6', '0', '1', '0', '0', '0', '0', '0', '0', '0', '0', '0', '0', '0', '0', '0', '0', '0', '0', '0', '0', '0', '0', '0', '0', '0', '0', '0', '0', '0', '0', '0', '0', '0', '0', '0', '0', '0', '0', '0', '0', '0', '0', '483', '0', '-1', '0', '-1', '0', '-1', '70552', '6', '0', '0', '-1', '0', '-1', '0', '0', '0', '0', '-1', '0', '-1', '0', '0', '0', '0', '-1', '0', '-1', '0', '0', '0', '0', '-1', '0', '-1', '1', 'Teaches you how to sew Lightweave Leggings.', '0', '0', '0', '0', '0', '4', '0', '0', '0', '0', '0', '0', '0', '0', '0', '0', '0', '0', '0', '0', '0', '0', '0', '0', '-1', '0', '0', '0', '0', '', '0', '0', '0', '0', '0', '12340'),
  ('49956', '9', '2', '-1', 'Pattern: Sandals of Consecration', '1096', '4', '4160', '0', '1', @SELL_PRICE , '0', '0', '-1', '-1', '85', '0', '197', '450', '0', '0', '0', '1156', '5', '0', '1', '0', '0', '0', '0', '0', '0', '0', '0', '0', '0', '0', '0', '0', '0', '0', '0', '0', '0', '0', '0', '0', '0', '0', '0', '0', '0', '0', '0', '0', '0', '0', '0', '0', '0', '0', '0', '0', '0', '0', '0', '483', '0', '-1', '0', '-1', '0', '-1', '70553', '6', '0', '0', '-1', '0', '-1', '0', '0', '0', '0', '-1', '0', '-1', '0', '0', '0', '0', '-1', '0', '-1', '0', '0', '0', '0', '-1', '0', '-1', '1', 'Teaches you how to sew Sandals of Consecration.', '0', '0', '0', '0', '0', '4', '0', '0', '0', '0', '0', '0', '0', '0', '0', '0', '0', '0', '0', '0', '0', '0', '0', '0', '-1', '0', '0', '0', '0', '', '0', '0', '0', '0', '0', '12340'),
  ('49957', '9', '1', '-1', 'Pattern: Legwraps of Unleashed Nature', '1096', '4', '4160', '0', '1', @SELL_PRICE , '0', '0', '-1', '-1', '85', '0', '165', '450', '0', '0', '0', '1156', '6', '0', '1', '0', '0', '0', '0', '0', '0', '0', '0', '0', '0', '0', '0', '0', '0', '0', '0', '0', '0', '0', '0', '0', '0', '0', '0', '0', '0', '0', '0', '0', '0', '0', '0', '0', '0', '0', '0', '0', '0', '0', '0', '483', '0', '-1', '0', '-1', '0', '-1', '70554', '6', '0', '0', '-1', '0', '-1', '0', '0', '0', '0', '-1', '0', '-1', '0', '0', '0', '0', '-1', '0', '-1', '0', '0', '0', '0', '-1', '0', '-1', '1', 'Teaches you how to make Legwraps of Unleashed Nature.', '0', '0', '0', '0', '0', '4', '0', '0', '0', '0', '0', '0', '0', '0', '8', '0', '0', '0', '0', '0', '0', '0', '0', '0', '-1', '0', '0', '0', '0', '', '0', '0', '0', '0', '0', '12340'),
  ('49958', '9', '1', '-1', 'Pattern: Blessed Cenarion Boots', '1096', '4', '4160', '0', '1', @SELL_PRICE , '0', '0', '-1', '-1', '85', '0', '165', '450', '0', '0', '0', '1156', '5', '0', '1', '0', '0', '0', '0', '0', '0', '0', '0', '0', '0', '0', '0', '0', '0', '0', '0', '0', '0', '0', '0', '0', '0', '0', '0', '0', '0', '0', '0', '0', '0', '0', '0', '0', '0', '0', '0', '0', '0', '0', '0', '483', '0', '-1', '0', '-1', '0', '-1', '70555', '6', '0', '0', '-1', '0', '-1', '0', '0', '0', '0', '-1', '0', '-1', '0', '0', '0', '0', '-1', '0', '-1', '0', '0', '0', '0', '-1', '0', '-1', '1', 'Teaches you how to make Blessed Cenarion Boots.', '0', '0', '0', '0', '0', '4', '0', '0', '0', '0', '0', '0', '0', '0', '8', '0', '0', '0', '0', '0', '0', '0', '0', '0', '-1', '0', '0', '0', '0', '', '0', '0', '0', '0', '0', '12340'),
  ('49959', '9', '1', '-1', 'Pattern: Bladeborn Leggings', '1096', '4', '4160', '0', '1', @SELL_PRICE , '0', '0', '-1', '-1', '85', '0', '165', '450', '0', '0', '0', '1156', '6', '0', '1', '0', '0', '0', '0', '0', '0', '0', '0', '0', '0', '0', '0', '0', '0', '0', '0', '0', '0', '0', '0', '0', '0', '0', '0', '0', '0', '0', '0', '0', '0', '0', '0', '0', '0', '0', '0', '0', '0', '0', '0', '483', '0', '-1', '0', '-1', '0', '-1', '70556', '6', '0', '0', '-1', '0', '-1', '0', '0', '0', '0', '-1', '0', '-1', '0', '0', '0', '0', '-1', '0', '-1', '0', '0', '0', '0', '-1', '0', '-1', '1', 'Teaches you how to make Bladeborn Leggings.', '0', '0', '0', '0', '0', '4', '0', '0', '0', '0', '0', '0', '0', '0', '8', '0', '0', '0', '0', '0', '0', '0', '0', '0', '-1', '0', '0', '0', '0', '', '0', '0', '0', '0', '0', '12340'),
  ('49960', '4', '4', '-1', 'Bracers of Dark Reckoning', '64796', '4', '0', '0', '1', '438459', '87691', '9', '-1', '-1', '264', '80', '0', '0', '0', '0', '0', '0', '0', '0', '1', '0', '5', '4', '90', '7', '124', '12', '48', '14', '40', '13', '48', '0', '0', '0', '0', '0', '0', '0', '0', '0', '0', '0', '0', '0', '0', '0', '0', '0', '0', '1155', '0', '0', '0', '0', '0', '0', '0', '0', '0', '0', '1', '0', '0', '-1', '0', '-1', '0', '1', '0', '0', '-1', '0', '-1', '0', '0', '0', '0', '-1', '0', '-1', '0', '0', '0', '0', '-1', '0', '-1', '0', '0', '0', '0', '-1', '0', '-1', '1', '', '0', '0', '0', '0', '0', '6', '0', '0', '0', '0', '0', '55', '0', '0', '0', '0', '4', '0', '0', '0', '0', '0', '2868', '0', '375', '0', '0', '0', '0', '', '68', '0', '0', '0', '0', '12340'),
  ('49961', '9', '1', '-1', 'Pattern: Footpads of Impending Death', '1096', '4', '4160', '0', '1', @SELL_PRICE , '0', '0', '-1', '-1', '85', '0', '165', '450', '0', '0', '0', '1156', '5', '0', '1', '0', '0', '0', '0', '0', '0', '0', '0', '0', '0', '0', '0', '0', '0', '0', '0', '0', '0', '0', '0', '0', '0', '0', '0', '0', '0', '0', '0', '0', '0', '0', '0', '0', '0', '0', '0', '0', '0', '0', '0', '483', '0', '-1', '0', '-1', '0', '-1', '70557', '6', '0', '0', '-1', '0', '-1', '0', '0', '0', '0', '-1', '0', '-1', '0', '0', '0', '0', '-1', '0', '-1', '0', '0', '0', '0', '-1', '0', '-1', '1', 'Teaches you how to make Footpads of Impending Death.', '0', '0', '0', '0', '0', '4', '0', '0', '0', '0', '0', '0', '0', '0', '8', '0', '0', '0', '0', '0', '0', '0', '0', '0', '-1', '0', '0', '0', '0', '', '0', '0', '0', '0', '0', '12340'),
  ('49962', '9', '1', '-1', 'Pattern: Lightning-Infused Leggings', '1096', '4', '4160', '0', '1', @SELL_PRICE , '0', '0', '-1', '-1', '85', '0', '165', '450', '0', '0', '0', '1156', '6', '0', '1', '0', '0', '0', '0', '0', '0', '0', '0', '0', '0', '0', '0', '0', '0', '0', '0', '0', '0', '0', '0', '0', '0', '0', '0', '0', '0', '0', '0', '0', '0', '0', '0', '0', '0', '0', '0', '0', '0', '0', '0', '483', '0', '-1', '0', '-1', '0', '-1', '70558', '6', '0', '0', '-1', '0', '-1', '0', '0', '0', '0', '-1', '0', '-1', '0', '0', '0', '0', '-1', '0', '-1', '0', '0', '0', '0', '-1', '0', '-1', '1', 'Teaches you how to make Lightning-Infused Leggings.', '0', '0', '0', '0', '0', '4', '0', '0', '0', '0', '0', '0', '0', '0', '8', '0', '0', '0', '0', '0', '0', '0', '0', '0', '-1', '0', '0', '0', '0', '', '0', '0', '0', '0', '0', '12340'),
  ('49963', '9', '1', '-1', 'Pattern: Earthsoul Boots', '1096', '4', '4160', '0', '1', @SELL_PRICE , '0', '0', '-1', '-1', '85', '0', '165', '450', '0', '0', '0', '1156', '5', '0', '1', '0', '0', '0', '0', '0', '0', '0', '0', '0', '0', '0', '0', '0', '0', '0', '0', '0', '0', '0', '0', '0', '0', '0', '0', '0', '0', '0', '0', '0', '0', '0', '0', '0', '0', '0', '0', '0', '0', '0', '0', '483', '0', '-1', '0', '-1', '0', '-1', '70559', '6', '0', '0', '-1', '0', '-1', '0', '0', '0', '0', '-1', '0', '-1', '0', '0', '0', '0', '-1', '0', '-1', '0', '0', '0', '0', '-1', '0', '-1', '1', 'Teaches you how to make Earthsoul Boots.', '0', '0', '0', '0', '0', '4', '0', '0', '0', '0', '0', '0', '0', '0', '8', '0', '0', '0', '0', '0', '0', '0', '0', '0', '-1', '0', '0', '0', '0', '', '0', '0', '0', '0', '0', '12340'),
  ('49964', '4', '4', '-1', 'Legguards of Lost Hope', '64572', '4', '0', '0', '1', '885077', '177015', '7', '262143', '32767', '264', '80', '0', '0', '0', '0', '0', '0', '0', '0', '1', '0', '5', '4', '123', '7', '207', '12', '92', '13', '108', '31', '74', '0', '0', '0', '0', '0', '0', '0', '0', '0', '0', '0', '0', '0', '0', '0', '0', '0', '0', '2310', '0', '0', '0', '0', '0', '0', '0', '0', '0', '0', '1', '0', '0', '-1', '0', '-1', '0', '1', '0', '0', '-1', '0', '-1', '0', '1', '0', '0', '-1', '0', '-1', '0', '0', '0', '0', '-1', '0', '-1', '0', '0', '0', '0', '-1', '0', '-1', '1', '', '0', '0', '0', '0', '0', '1', '0', '0', '0', '0', '0', '120', '0', '0', '0', '0', '2', '0', '8', '0', '4', '0', '3305', '0', '375', '0', '0', '0', '0', '', '68', '0', '0', '0', '0', '12340'),
  ('49965', '9', '1', '-1', 'Pattern: Draconic Bonesplinter Legguards', '1096', '4', '4160', '0', '1', @SELL_PRICE , '0', '0', '-1', '-1', '85', '0', '165', '450', '0', '0', '0', '1156', '6', '0', '1', '0', '0', '0', '0', '0', '0', '0', '0', '0', '0', '0', '0', '0', '0', '0', '0', '0', '0', '0', '0', '0', '0', '0', '0', '0', '0', '0', '0', '0', '0', '0', '0', '0', '0', '0', '0', '0', '0', '0', '0', '483', '0', '-1', '0', '-1', '0', '-1', '70560', '6', '0', '0', '-1', '0', '-1', '0', '0', '0', '0', '-1', '0', '-1', '0', '0', '0', '0', '-1', '0', '-1', '0', '0', '0', '0', '-1', '0', '-1', '1', 'Teaches you how to make Draconic Bonesplinter Legguards.', '0', '0', '0', '0', '0', '4', '0', '0', '0', '0', '0', '0', '0', '0', '8', '0', '0', '0', '0', '0', '0', '0', '0', '0', '-1', '0', '0', '0', '0', '', '0', '0', '0', '0', '0', '12340'),
  ('49966', '9', '1', '-1', 'Pattern: Rock-Steady Treads', '1096', '4', '4160', '0', '1', @SELL_PRICE , '0', '0', '-1', '-1', '85', '0', '165', '450', '0', '0', '0', '1156', '5', '0', '1', '0', '0', '0', '0', '0', '0', '0', '0', '0', '0', '0', '0', '0', '0', '0', '0', '0', '0', '0', '0', '0', '0', '0', '0', '0', '0', '0', '0', '0', '0', '0', '0', '0', '0', '0', '0', '0', '0', '0', '0', '483', '0', '-1', '0', '-1', '0', '-1', '70561', '6', '0', '0', '-1', '0', '-1', '0', '0', '0', '0', '-1', '0', '-1', '0', '0', '0', '0', '-1', '0', '-1', '0', '0', '0', '0', '-1', '0', '-1', '1', 'Teaches you how to make Rock-Steady Treads.', '0', '0', '0', '0', '0', '4', '0', '0', '0', '0', '0', '0', '0', '0', '8', '0', '0', '0', '0', '0', '0', '0', '0', '0', '-1', '0', '0', '0', '0', '', '0', '0', '0', '0', '0', '12340'),
  ('49969', '9', '4', '-1', 'Plans: Puresteel Legplates', '1096', '4', '4160', '0', '1', @SELL_PRICE , '0', '0', '-1', '-1', '85', '0', '164', '450', '0', '0', '0', '1156', '6', '0', '1', '0', '0', '0', '0', '0', '0', '0', '0', '0', '0', '0', '0', '0', '0', '0', '0', '0', '0', '0', '0', '0', '0', '0', '0', '0', '0', '0', '0', '0', '0', '0', '0', '0', '0', '0', '0', '0', '0', '0', '0', '483', '0', '-1', '0', '-1', '0', '-1', '70562', '6', '0', '0', '-1', '0', '-1', '0', '0', '0', '0', '-1', '0', '-1', '0', '0', '0', '0', '-1', '0', '-1', '0', '0', '0', '0', '-1', '0', '-1', '1', 'Teaches you how to forge Puresteel Legplates.', '0', '0', '0', '0', '0', '4', '0', '0', '0', '0', '0', '0', '0', '0', '0', '0', '0', '0', '0', '0', '0', '0', '0', '0', '-1', '0', '0', '0', '0', '', '0', '0', '0', '0', '0', '12340'),
  ('49970', '9', '4', '-1', 'Plans: Protectors of Life', '1096', '4', '4160', '0', '1', @SELL_PRICE , '0', '0', '-1', '-1', '85', '0', '164', '450', '0', '0', '0', '1156', '5', '0', '1', '0', '0', '0', '0', '0', '0', '0', '0', '0', '0', '0', '0', '0', '0', '0', '0', '0', '0', '0', '0', '0', '0', '0', '0', '0', '0', '0', '0', '0', '0', '0', '0', '0', '0', '0', '0', '0', '0', '0', '0', '483', '0', '-1', '0', '-1', '0', '-1', '70563', '6', '0', '0', '-1', '0', '-1', '0', '0', '0', '0', '-1', '0', '-1', '0', '0', '0', '0', '-1', '0', '-1', '0', '0', '0', '0', '-1', '0', '-1', '1', 'Teaches you how to forge Protectors of Life.', '0', '0', '0', '0', '0', '4', '0', '0', '0', '0', '0', '0', '0', '0', '0', '0', '0', '0', '0', '0', '0', '0', '0', '0', '-1', '0', '0', '0', '0', '', '0', '0', '0', '0', '0', '12340'),
  ('49971', '9', '4', '-1', 'Plans: Legplates of Painful Death', '1096', '4', '4160', '0', '1', @SELL_PRICE , '0', '0', '-1', '-1', '85', '0', '164', '450', '0', '0', '0', '1156', '6', '0', '1', '0', '0', '0', '0', '0', '0', '0', '0', '0', '0', '0', '0', '0', '0', '0', '0', '0', '0', '0', '0', '0', '0', '0', '0', '0', '0', '0', '0', '0', '0', '0', '0', '0', '0', '0', '0', '0', '0', '0', '0', '483', '0', '-1', '0', '-1', '0', '-1', '70565', '6', '0', '0', '-1', '0', '-1', '0', '0', '0', '0', '-1', '0', '-1', '0', '0', '0', '0', '-1', '0', '-1', '0', '0', '0', '0', '-1', '0', '-1', '1', 'Teaches you how to forge Legplates of Painful Death.', '0', '0', '0', '0', '0', '4', '0', '0', '0', '0', '0', '0', '0', '0', '0', '0', '0', '0', '0', '0', '0', '0', '0', '0', '-1', '0', '0', '0', '0', '', '0', '0', '0', '0', '0', '12340'),
  ('49972', '9', '4', '-1', 'Plans: Hellfrozen Bonegrinders', '1096', '4', '4160', '0', '1', @SELL_PRICE , '0', '0', '-1', '-1', '85', '0', '164', '450', '0', '0', '0', '1156', '5', '0', '1', '0', '0', '0', '0', '0', '0', '0', '0', '0', '0', '0', '0', '0', '0', '0', '0', '0', '0', '0', '0', '0', '0', '0', '0', '0', '0', '0', '0', '0', '0', '0', '0', '0', '0', '0', '0', '0', '0', '0', '0', '483', '0', '-1', '0', '-1', '0', '-1', '70566', '6', '0', '0', '-1', '0', '-1', '0', '0', '0', '0', '-1', '0', '-1', '0', '0', '0', '0', '-1', '0', '-1', '0', '0', '0', '0', '-1', '0', '-1', '1', 'Teaches you how to forge Hellfrozen Bonegrinders.', '0', '0', '0', '0', '0', '4', '0', '0', '0', '0', '0', '0', '0', '0', '0', '0', '0', '0', '0', '0', '0', '0', '0', '0', '-1', '0', '0', '0', '0', '', '0', '0', '0', '0', '0', '12340'),
  ('49973', '9', '4', '-1', 'Plans: Pillars of Might', '1096', '4', '4160', '0', '1', @SELL_PRICE , '0', '0', '-1', '-1', '85', '0', '164', '450', '0', '0', '0', '1156', '6', '0', '1', '0', '0', '0', '0', '0', '0', '0', '0', '0', '0', '0', '0', '0', '0', '0', '0', '0', '0', '0', '0', '0', '0', '0', '0', '0', '0', '0', '0', '0', '0', '0', '0', '0', '0', '0', '0', '0', '0', '0', '0', '483', '0', '-1', '0', '-1', '0', '-1', '70567', '6', '0', '0', '-1', '0', '-1', '0', '0', '0', '0', '-1', '0', '-1', '0', '0', '0', '0', '-1', '0', '-1', '0', '0', '0', '0', '-1', '0', '-1', '1', 'Teaches you how to forge Pillars of Might.', '0', '0', '0', '0', '0', '4', '0', '0', '0', '0', '0', '0', '0', '0', '0', '0', '0', '0', '0', '0', '0', '0', '0', '0', '-1', '0', '0', '0', '0', '', '0', '0', '0', '0', '0', '12340'),
  ('49974', '9', '4', '-1', 'Plans: Boots of Kingly Upheaval', '1096', '4', '4160', '0', '1', @SELL_PRICE , '0', '0', '-1', '-1', '85', '0', '164', '450', '0', '0', '0', '1156', '5', '0', '1', '0', '0', '0', '0', '0', '0', '0', '0', '0', '0', '0', '0', '0', '0', '0', '0', '0', '0', '0', '0', '0', '0', '0', '0', '0', '0', '0', '0', '0', '0', '0', '0', '0', '0', '0', '0', '0', '0', '0', '0', '483', '0', '-1', '0', '-1', '0', '-1', '70568', '6', '0', '0', '-1', '0', '-1', '0', '0', '0', '0', '-1', '0', '-1', '0', '0', '0', '0', '-1', '0', '-1', '0', '0', '0', '0', '-1', '0', '-1', '1', 'Teaches you how to forge Boots of Kingly Upheaval.', '0', '0', '0', '0', '0', '4', '0', '0', '0', '0', '0', '0', '0', '0', '0', '0', '0', '0', '0', '0', '0', '0', '0', '0', '-1', '0', '0', '0', '0', '', '0', '0', '0', '0', '0', '12340'),
  ('52022', '9', '3', '-1', 'Plans: Shatter Rounds', '1096', '4', '4160', '0', '1', @SELL_PRICE , '0', '0', '-1', '-1', '85', '0', '202', '450', '20222', '0', '0', '1156', '5', '0', '1', '0', '0', '0', '0', '0', '0', '0', '0', '0', '0', '0', '0', '0', '0', '0', '0', '0', '0', '0', '0', '0', '0', '0', '0', '0', '0', '0', '0', '0', '0', '0', '0', '0', '0', '0', '0', '0', '0', '0', '0', '483', '0', '-1', '0', '-1', '0', '-1', '72952', '6', '0', '0', '-1', '0', '-1', '0', '0', '0', '0', '-1', '0', '-1', '0', '0', '0', '0', '-1', '0', '-1', '0', '0', '0', '0', '-1', '0', '-1', '1', 'Teaches you how to create Shatter Rounds.', '0', '0', '0', '0', '0', '4', '0', '0', '0', '0', '0', '0', '0', '0', '128', '0', '0', '0', '0', '0', '0', '0', '0', '0', '-1', '0', '0', '0', '0', '', '0', '0', '0', '0', '0', '12340'),
  ('52023', '9', '3', '-1', 'Plans: Iceblade Arrow', '1096', '4', '4160', '0', '1', @SELL_PRICE , '0', '0', '-1', '-1', '85', '0', '202', '450', '20219', '0', '0', '1156', '5', '0', '1', '0', '0', '0', '0', '0', '0', '0', '0', '0', '0', '0', '0', '0', '0', '0', '0', '0', '0', '0', '0', '0', '0', '0', '0', '0', '0', '0', '0', '0', '0', '0', '0', '0', '0', '0', '0', '0', '0', '0', '0', '483', '0', '-1', '0', '-1', '0', '-1', '72953', '6', '0', '0', '-1', '0', '-1', '0', '0', '0', '0', '-1', '0', '-1', '0', '0', '0', '0', '-1', '0', '-1', '0', '0', '0', '0', '-1', '0', '-1', '1', 'Teaches you how to create Iceblade Arrows.', '0', '0', '0', '0', '0', '4', '0', '0', '0', '0', '0', '0', '0', '0', '128', '0', '0', '0', '0', '0', '0', '0', '0', '0', '-1', '0', '0', '0', '0', '', '0', '0', '0', '0', '0', '12340');

REPLACE INTO npc_vendor (entry,item) VALUES
 (@ENTRY,'45088'),
 (@ENTRY,'45089'),
 (@ENTRY,'45090'),
 (@ENTRY,'45091'),
 (@ENTRY,'45092'),
 (@ENTRY,'45093'),
 (@ENTRY,'45094'),
 (@ENTRY,'45095'),
 (@ENTRY,'45096'),
 (@ENTRY,'45097'),
 (@ENTRY,'45098'),
 (@ENTRY,'45099'),
 (@ENTRY,'45100'),
 (@ENTRY,'45101'),
 (@ENTRY,'45102'),
 (@ENTRY,'45103'),
 (@ENTRY,'45104'),
 (@ENTRY,'45105'),
 (@ENTRY,'46027'),
 (@ENTRY,'46348'),
 (@ENTRY,'47622'),
 (@ENTRY,'47623'),
 (@ENTRY,'47624'),
 (@ENTRY,'47625'),
 (@ENTRY,'47626'),
 (@ENTRY,'47627'),
 (@ENTRY,'47628'),
 (@ENTRY,'47629'),
 (@ENTRY,'47630'),
 (@ENTRY,'47631'),
 (@ENTRY,'47632'),
 (@ENTRY,'47633'),
 (@ENTRY,'47634'),
 (@ENTRY,'47635'),
 (@ENTRY,'47636'),
 (@ENTRY,'47637'),
 (@ENTRY,'47638'),
 (@ENTRY,'47639'),
 (@ENTRY,'47640'),
 (@ENTRY,'47641'),
 (@ENTRY,'47642'),
 (@ENTRY,'47643'),
 (@ENTRY,'47644'),
 (@ENTRY,'47645'),
 (@ENTRY,'47646'),
 (@ENTRY,'47647'),
 (@ENTRY,'47648'),
 (@ENTRY,'47649'),
 (@ENTRY,'47650'),
 (@ENTRY,'47651'),
 (@ENTRY,'47652'),
 (@ENTRY,'47653'),
 (@ENTRY,'47654'),
 (@ENTRY,'47655'),
 (@ENTRY,'47656'),
 (@ENTRY,'47657'),
 (@ENTRY,'49953'),
 (@ENTRY,'49954'),
 (@ENTRY,'49955'),
 (@ENTRY,'49956'),
 (@ENTRY,'49957'),
 (@ENTRY,'49958'),
 (@ENTRY,'49959'),
 (@ENTRY,'49961'),
 (@ENTRY,'49962'),
 (@ENTRY,'49963'),
 (@ENTRY,'49965'),
 (@ENTRY,'49966'),
 (@ENTRY,'49969'),
 (@ENTRY,'49970'),
 (@ENTRY,'49971'),
 (@ENTRY,'49972'),
 (@ENTRY,'49973'),
 (@ENTRY,'49974'),
 (@ENTRY,'52022'),
 (@ENTRY,'52023');

REPLACE INTO `creature` VALUES
 ('15121162', @ENTRY, '1', '1', '1', '0', '0', '1587.44', '-4407.88', '7.17195', '2.09351', '300', '0', '0', '1', '0', '0', '0', '0', '0'),
 ('15121163', @ENTRY, '0', '1', '1', '0', '0', '-8816.81', '622.699', '94.2084', '3.83389', '300', '0', '0', '1', '0', '0', '0', '0', '0');
